{"stats":{"minecraft:used":{"minecraft:oak_fence":2,"minecraft:red_sand":1,"minecraft:light_gray_carpet":3,"minecraft:chest":6,"minecraft:stone":31,"minecraft:iron_sword":87,"minecraft:shield":33,"minecraft:orange_bed":5,"minecraft:torch":3,"minecraft:brewing_stand":1,"minecraft:dirt":12,"minecraft:mutton":2,"minecraft:granite":21,"minecraft:iron_hoe":547,"minecraft:wooden_axe":1,"minecraft:bookshelf":9,"minecraft:coal_ore":19,"carryon:tile_item":3,"minecraft:furnace":2,"tombstone:gift":6,"minecraft:potato":2,"minecraft:acacia_planks":55,"minecraft:golden_axe":30,"minecraft:water_bucket":6,"minecraft:diorite":4,"minecraft:iron_ore":13,"minecraft:stone_pickaxe":133,"minecraft:oak_planks":1,"minecraft:sandstone":1,"minecraft:sugar_cane":318,"minecraft:gold_ore":33,"minecraft:gilded_blackstone":4,"minecraft:sand":40,"minecraft:crafting_table":3,"minecraft:crossbow":1,"minecraft:redstone_torch":1,"minecraft:diamond_pickaxe":290,"minecraft:crying_obsidian":1,"minecraft:bread":216,"minecraft:cyan_bed":1,"minecraft:melon_slice":1,"minecraft:iron_pickaxe":1990,"tombstone:magic_scroll":1,"minecraft:red_terracotta":2,"minecraft:stone_axe":58,"minecraft:diamond_sword":333,"minecraft:cobblestone":236,"minecraft:white_banner":2,"minecraft:andesite":13,"minecraft:bucket":6,"minecraft:oak_boat":6},"minecraft:custom":{"minecraft:interact_with_anvil":15,"minecraft:mob_kills":52,"minecraft:interact_with_crafting_table":23,"minecraft:open_barrel":4,"minecraft:damage_dealt_resisted":156,"minecraft:leave_game":5,"minecraft:time_since_death":326206,"minecraft:climb_one_cm":12171,"minecraft:sprint_one_cm":792198,"minecraft:walk_one_cm":1012267,"minecraft:damage_blocked_by_shield":2325,"minecraft:drop":304,"minecraft:talked_to_villager":75,"minecraft:deaths":2,"minecraft:sneak_time":17066,"minecraft:walk_under_water_one_cm":17428,"minecraft:boat_one_cm":460772,"minecraft:interact_with_brewingstand":3,"minecraft:jump":3318,"minecraft:interact_with_blast_furnace":36,"minecraft:enchant_item":5,"minecraft:walk_on_water_one_cm":87136,"minecraft:interact_with_furnace":23,"tombstone:raider_killed":2,"minecraft:traded_with_villager":1,"minecraft:raid_trigger":1,"minecraft:play_one_minute":492204,"minecraft:sleep_in_bed":8,"minecraft:time_since_rest":19064,"minecraft:damage_taken":10784,"minecraft:damage_dealt":15300,"minecraft:swim_one_cm":32709,"minecraft:fly_one_cm":540406,"minecraft:open_chest":82,"minecraft:crouch_one_cm":40785,"tombstone:undead_killed":21,"tombstone:villager_killed":6,"minecraft:fall_one_cm":96849},"minecraft:mined":{"minecraft:yellow_terracotta":2,"minecraft:brewing_stand":3,"minecraft:ladder":2,"minecraft:granite":30,"minecraft:red_sand":1,"minecraft:acacia_log":3,"minecraft:grass_block":2,"minecraft:gilded_blackstone":4,"minecraft:hay_block":70,"minecraft:redstone_ore":1,"minecraft:glowstone":22,"minecraft:carrots":9,"minecraft:furnace":2,"minecraft:iron_ore":402,"minecraft:andesite":73,"minecraft:acacia_stairs":1,"minecraft:enchanting_table":2,"minecraft:bookshelf":52,"minecraft:white_banner":1,"minecraft:stone":1419,"minecraft:orange_bed":6,"minecraft:acacia_leaves":2,"minecraft:glass_pane":8,"minecraft:melon_stem":6,"minecraft:dandelion":1,"minecraft:oak_fence":2,"minecraft:crafting_table":4,"minecraft:torch":1,"minecraft:poppy":1,"minecraft:melon":12,"minecraft:chest":7,"minecraft:dead_bush":130,"minecraft:tall_grass":17,"minecraft:cobblestone":26,"minecraft:lapis_ore":11,"minecraft:cyan_bed":4,"minecraft:oak_planks":3,"minecraft:sugar_cane":140,"minecraft:diorite":42,"minecraft:wall_torch":5,"minecraft:red_terracotta":6,"minecraft:wheat":427,"minecraft:yellow_bed":1,"minecraft:grass":30,"minecraft:coal_ore":206,"minecraft:oak_log":1,"minecraft:beetroots":6,"minecraft:acacia_fence":9,"minecraft:gravel":16,"minecraft:sand":20,"minecraft:dirt":31,"minecraft:cobweb":17,"minecraft:acacia_planks":3,"minecraft:gold_ore":106,"minecraft:birch_fence":1},"minecraft:picked_up":{"minecraft:crafting_table":6,"minecraft:wheat":570,"minecraft:chicken":6,"minecraft:diamond_sword":2,"minecraft:gold_block":4,"minecraft:enchanted_book":11,"minecraft:gilded_blackstone":4,"minecraft:brewing_stand":3,"minecraft:golden_sword":1,"minecraft:shield":3,"minecraft:string":51,"minecraft:iron_leggings":3,"minecraft:item_frame":7,"minecraft:white_carpet":9,"minecraft:experience_bottle":2,"minecraft:glass_pane":8,"minecraft:diamond_leggings":1,"minecraft:red_sand":1,"minecraft:beef":10,"minecraft:oak_boat":6,"minecraft:redstone_torch":1,"minecraft:poppy":5,"minecraft:iron_pickaxe":12,"minecraft:sugar_cane":686,"minecraft:melon_slice":62,"minecraft:chest":12,"minecraft:iron_boots":2,"minecraft:furnace":3,"minecraft:stick":322,"minecraft:sandstone":1,"minecraft:stone":36,"minecraft:acacia_fence":15,"minecraft:oak_fence":2,"minecraft:torch":30,"minecraft:acacia_log":44,"sophisticatedbackpacks:backpack":1,"minecraft:fire_charge":1,"tombstone:grave_dust":1,"minecraft:diorite":57,"minecraft:carrot":31,"minecraft:redstone":18,"minecraft:stone_pressure_plate":1,"artifacts:everlasting_beef":1,"minecraft:orange_bed":5,"artifacts:snorkel":1,"minecraft:arrow":30,"minecraft:diamond_chestplate":1,"minecraft:rotten_flesh":15,"minecraft:diamond_boots":1,"minecraft:hay_block":74,"minecraft:yellow_terracotta":2,"minecraft:glowstone":21,"minecraft:bookshelf":17,"minecraft:gold_ingot":4,"minecraft:mutton":16,"minecraft:white_wool":2,"minecraft:cobblestone":1615,"minecraft:lapis_ore":6,"minecraft:leather_chestplate":2,"minecraft:water_bucket":2,"minecraft:andesite":150,"minecraft:leather":3,"minecraft:golden_leggings":1,"minecraft:potato":1,"paraglider:spirit_orb":35,"minecraft:flint":9,"minecraft:golden_boots":1,"minecraft:yellow_bed":1,"minecraft:white_banner":2,"minecraft:lapis_lazuli":286,"minecraft:dirt":100,"minecraft:lantern":3,"tombstone:gift":1,"minecraft:bone":5,"minecraft:acacia_planks":27,"minecraft:apple":1,"minecraft:wheat_seeds":747,"minecraft:iron_ingot":74,"minecraft:stone_pickaxe":2,"minecraft:iron_ore":425,"minecraft:diamond_helmet":2,"minecraft:oak_planks":58,"minecraft:iron_sword":1,"sophisticatedbackpacks:diamond_backpack":1,"minecraft:book":261,"minecraft:oak_slab":2,"minecraft:warped_wart_block":1,"minecraft:gravel":30,"minecraft:sand":36,"minecraft:gold_ore":157,"minecraft:cyan_bed":1,"minecraft:acacia_stairs":1,"minecraft:crying_obsidian":2,"minecraft:spider_eye":6,"minecraft:red_terracotta":5,"mining_helmet:mining_helmet":1,"minecraft:iron_hoe":1,"minecraft:coal_ore":37,"minecraft:diamond":38,"minecraft:stone_axe":1,"minecraft:iron_helmet":2,"minecraft:crossbow":4,"minecraft:granite":64,"minecraft:emerald":50,"minecraft:bread":8,"tombstone:magic_scroll":2,"minecraft:oak_sapling":7,"minecraft:light_gray_carpet":3,"minecraft:melon_seeds":6,"minecraft:coal":163,"minecraft:diamond_pickaxe":3},"minecraft:crafted":{"minecraft:diamond_helmet":1,"minecraft:diamond_leggings":1,"minecraft:iron_hoe":1,"minecraft:diamond_boots":1,"minecraft:wheat":652,"minecraft:crafting_table":4,"minecraft:enchanted_book":1,"minecraft:bread":309,"minecraft:air":0,"minecraft:shield":1,"minecraft:iron_ingot":229,"minecraft:iron_pickaxe":17,"minecraft:wooden_axe":1,"minecraft:gold_ingot":34,"minecraft:acacia_planks":120,"minecraft:diamond_chestplate":1},"minecraft:broken":{"mining_helmet:mining_helmet":1,"minecraft:iron_pickaxe":7},"minecraft:killed":{"guardvillagers:guard":2,"minecraft:cave_spider":6,"minecraft:spider":2,"minecraft:horse":1,"minecraft:skeleton":12,"minecraft:chicken":1,"minecraft:husk":1,"minecraft:iron_golem":3,"minecraft:bat":1,"minecraft:sheep":2,"minecraft:pillager":2,"minecraft:zombie":8,"minecraft:villager":6},"minecraft:killed_by":{"minecraft:skeleton":1,"minecraft:vex":1},"minecraft:dropped":{"minecraft:enchanted_book":7,"minecraft:water_bucket":1,"minecraft:gold_ore":92,"minecraft:iron_ingot":180,"minecraft:iron_sword":1,"minecraft:wheat_seeds":807,"minecraft:lapis_lazuli":212,"minecraft:diamond":13,"minecraft:crafting_table":7,"minecraft:bookshelf":8,"minecraft:crossbow":2,"minecraft:yellow_terracotta":2,"minecraft:iron_helmet":2,"minecraft:feather":3,"minecraft:cobblestone":1340,"minecraft:book":259,"minecraft:lantern":3,"minecraft:apple":1,"minecraft:leather":3,"minecraft:granite":45,"minecraft:acacia_log":14,"minecraft:chainmail_helmet":1,"minecraft:coal":71,"minecraft:golden_apple":4,"minecraft:flint":7,"paraglider:spirit_orb":5,"minecraft:emerald":41,"minecraft:item_frame":6,"minecraft:stick":251,"minecraft:gold_block":6,"minecraft:dirt":88,"minecraft:diorite":53,"tombstone:magic_scroll":2,"minecraft:torch":3,"minecraft:mutton":7,"minecraft:wooden_axe":1,"minecraft:lapis_ore":6,"minecraft:diamond_helmet":1,"minecraft:fire_charge":1,"tombstone:grave_dust":1,"minecraft:iron_leggings":2,"minecraft:gold_nugget":8,"minecraft:iron_pickaxe":21,"minecraft:chainmail_leggings":1,"minecraft:string":51,"minecraft:white_wool":2,"minecraft:acacia_planks":73,"minecraft:redstone":20,"minecraft:gold_ingot":38,"minecraft:bone":5,"minecraft:gravel":30,"minecraft:furnace":1,"minecraft:stone_axe":1,"minecraft:sugar_cane":320,"minecraft:iron_nugget":8,"minecraft:wheat":144,"minecraft:experience_bottle":2,"minecraft:chicken":4,"minecraft:white_carpet":9,"minecraft:rotten_flesh":12,"minecraft:iron_hoe":1,"minecraft:clay_ball":2,"minecraft:oak_planks":48,"minecraft:iron_boots":1,"sophisticatedbackpacks:backpack":1,"minecraft:name_tag":3,"minecraft:acacia_stairs":1,"minecraft:shears":1,"minecraft:diamond_sword":1,"minecraft:poppy":5,"minecraft:leather_chestplate":1,"minecraft:stone":5,"minecraft:shield":4,"minecraft:coal_ore":18,"minecraft:diamond_pickaxe":1,"minecraft:andesite":137,"minecraft:melon_seeds":6,"minecraft:oak_sapling":7,"minecraft:chainmail_boots":1,"minecraft:chest":6,"minecraft:golden_sword":1,"minecraft:stone_pressure_plate":1,"minecraft:spider_eye":6,"minecraft:iron_ore":283,"minecraft:arrow":32,"minecraft:stone_pickaxe":2,"minecraft:beef":10,"minecraft:magma_cream":9,"minecraft:crying_obsidian":1,"minecraft:acacia_fence":15,"minecraft:egg":3}},"DataVersion":2586}