{"stats":{"minecraft:used":{"minecraft:red_sand":1,"minecraft:chest":6,"minecraft:shield":48,"minecraft:stone":32,"minecraft:iron_sword":87,"minecraft:mutton":2,"minecraft:coal_ore":19,"carryon:tile_item":3,"minecraft:furnace":2,"minecraft:potato":2,"minecraft:diorite":4,"minecraft:stone_pickaxe":133,"minecraft:oak_planks":7,"minecraft:sandstone":1,"minecraft:diamond_axe":24,"minecraft:sugar_cane":318,"minecraft:sand":40,"minecraft:crossbow":7,"minecraft:redstone_torch":1,"minecraft:crying_obsidian":1,"minecraft:melon_slice":1,"minecraft:cyan_bed":1,"minecraft:bread":244,"minecraft:lectern":21,"minecraft:red_terracotta":2,"minecraft:diamond_sword":468,"minecraft:andesite":13,"minecraft:oak_boat":7,"minecraft:oak_fence":2,"minecraft:light_gray_carpet":3,"minecraft:orange_bed":5,"minecraft:torch":3,"minecraft:brewing_stand":4,"minecraft:dirt":14,"minecraft:granite":21,"minecraft:iron_hoe":547,"minecraft:wooden_axe":1,"minecraft:bookshelf":9,"artifacts:everlasting_beef":5,"tombstone:gift":6,"minecraft:acacia_planks":55,"minecraft:golden_axe":30,"minecraft:water_bucket":6,"minecraft:iron_ore":18,"minecraft:gold_ore":33,"minecraft:gilded_blackstone":4,"minecraft:crafting_table":3,"minecraft:red_bed":7,"minecraft:diamond_pickaxe":328,"minecraft:iron_pickaxe":1990,"tombstone:magic_scroll":1,"minecraft:stone_axe":58,"minecraft:cobblestone":258,"minecraft:white_banner":4,"minecraft:bucket":6,"minecraft:glass_pane":8,"minecraft:yellow_bed":4},"minecraft:custom":{"minecraft:interact_with_crafting_table":25,"minecraft:open_barrel":4,"minecraft:leave_game":5,"minecraft:time_since_death":374206,"minecraft:sprint_one_cm":920538,"minecraft:damage_blocked_by_shield":2725,"minecraft:drop":320,"minecraft:talked_to_villager":122,"minecraft:deaths":2,"minecraft:jump":3816,"minecraft:interact_with_brewingstand":3,"minecraft:walk_on_water_one_cm":88621,"minecraft:enchant_item":5,"minecraft:interact_with_furnace":23,"minecraft:traded_with_villager":1,"minecraft:play_one_minute":540204,"minecraft:sleep_in_bed":9,"minecraft:damage_dealt":23583,"minecraft:crouch_one_cm":43103,"tombstone:undead_killed":26,"tombstone:villager_killed":6,"minecraft:mob_kills":75,"minecraft:interact_with_anvil":18,"minecraft:damage_dealt_resisted":156,"minecraft:climb_one_cm":15941,"minecraft:walk_one_cm":1166925,"minecraft:sneak_time":19239,"minecraft:walk_under_water_one_cm":17428,"minecraft:boat_one_cm":460772,"minecraft:interact_with_blast_furnace":36,"tombstone:raider_killed":14,"minecraft:raid_trigger":1,"minecraft:time_since_rest":45041,"minecraft:damage_taken":11962,"minecraft:swim_one_cm":32709,"minecraft:fly_one_cm":630169,"minecraft:open_chest":82,"minecraft:fall_one_cm":101025},"minecraft:mined":{"minecraft:brewing_stand":3,"minecraft:granite":30,"minecraft:red_sand":1,"minecraft:acacia_log":3,"minecraft:grass_block":2,"minecraft:gilded_blackstone":4,"minecraft:glowstone":22,"minecraft:iron_ore":407,"minecraft:enchanting_table":2,"minecraft:white_banner":1,"minecraft:orange_bed":6,"minecraft:red_bed":8,"minecraft:melon_stem":6,"minecraft:torch":1,"minecraft:poppy":1,"minecraft:melon":12,"minecraft:chest":7,"minecraft:dead_bush":130,"minecraft:cobblestone":39,"minecraft:cyan_bed":4,"minecraft:sugar_cane":140,"minecraft:oak_planks":6,"minecraft:wall_torch":5,"minecraft:wheat":427,"minecraft:grass":33,"minecraft:oak_log":1,"minecraft:beetroots":6,"minecraft:acacia_fence":9,"minecraft:sand":20,"minecraft:dirt":33,"minecraft:yellow_terracotta":2,"iammusicplayer:cassette_deck":1,"minecraft:ladder":2,"minecraft:hay_block":70,"minecraft:redstone_ore":1,"minecraft:furnace":2,"minecraft:carrots":9,"minecraft:acacia_stairs":1,"minecraft:andesite":73,"minecraft:bookshelf":52,"minecraft:stone":1434,"minecraft:acacia_leaves":2,"minecraft:glass_pane":10,"minecraft:dandelion":1,"minecraft:oak_fence":2,"minecraft:crafting_table":4,"iammusicplayer:music_sharing_device":1,"minecraft:lectern":21,"minecraft:tall_grass":17,"minecraft:lapis_ore":11,"minecraft:diorite":42,"minecraft:red_terracotta":6,"minecraft:yellow_bed":5,"minecraft:coal_ore":206,"minecraft:gravel":16,"minecraft:cobweb":17,"minecraft:acacia_planks":3,"minecraft:gold_ore":106,"minecraft:birch_fence":1},"minecraft:picked_up":{"minecraft:wheat":570,"minecraft:diamond_sword":4,"minecraft:enchanted_book":13,"minecraft:gilded_blackstone":4,"minecraft:brewing_stand":4,"minecraft:golden_sword":1,"minecraft:string":52,"minecraft:iron_leggings":3,"minecraft:experience_bottle":2,"minecraft:diamond_leggings":1,"minecraft:red_sand":1,"minecraft:redstone_torch":1,"minecraft:iron_pickaxe":12,"minecraft:melon_slice":62,"minecraft:furnace":3,"minecraft:iron_boots":2,"minecraft:stick":330,"minecraft:acacia_fence":15,"minecraft:oak_fence":2,"minecraft:torch":30,"minecraft:acacia_log":44,"tombstone:grave_dust":7,"minecraft:diorite":57,"minecraft:orange_bed":5,"minecraft:rotten_flesh":15,"minecraft:glowstone":21,"minecraft:bookshelf":17,"minecraft:cobblestone":1628,"minecraft:leather_chestplate":2,"minecraft:water_bucket":2,"minecraft:andesite":150,"minecraft:golden_leggings":1,"minecraft:potato":1,"paraglider:spirit_orb":40,"minecraft:flint":9,"minecraft:lapis_lazuli":286,"minecraft:dirt":102,"minecraft:lantern":3,"minecraft:bone":7,"minecraft:acacia_planks":27,"minecraft:wheat_seeds":749,"minecraft:diamond_helmet":2,"minecraft:oak_planks":61,"minecraft:warped_wart_block":1,"minecraft:sand":36,"minecraft:cyan_bed":1,"minecraft:acacia_stairs":1,"minecraft:red_terracotta":5,"mining_helmet:mining_helmet":1,"minecraft:iron_hoe":1,"minecraft:diamond":38,"minecraft:crossbow":4,"minecraft:granite":64,"minecraft:bread":8,"minecraft:emerald":51,"minecraft:light_gray_carpet":3,"minecraft:oak_sapling":8,"minecraft:diamond_pickaxe":3,"minecraft:crafting_table":6,"minecraft:chicken":6,"minecraft:gold_block":4,"minecraft:shield":3,"minecraft:red_bed":8,"minecraft:white_carpet":9,"minecraft:item_frame":7,"minecraft:glass_pane":8,"minecraft:beef":10,"minecraft:oak_boat":8,"minecraft:poppy":5,"minecraft:lectern":21,"minecraft:sugar_cane":686,"minecraft:chest":12,"minecraft:birch_sapling":5,"minecraft:sandstone":1,"minecraft:stone":37,"sophisticatedbackpacks:backpack":1,"minecraft:fire_charge":1,"minecraft:carrot":31,"minecraft:redstone":18,"minecraft:stone_pressure_plate":1,"artifacts:everlasting_beef":2,"artifacts:snorkel":1,"minecraft:arrow":33,"minecraft:diamond_chestplate":1,"minecraft:diamond_boots":1,"minecraft:hay_block":74,"minecraft:yellow_terracotta":2,"minecraft:saddle":2,"minecraft:gold_ingot":4,"minecraft:mutton":16,"minecraft:white_wool":2,"minecraft:lapis_ore":6,"minecraft:leather":3,"minecraft:golden_boots":1,"minecraft:yellow_bed":5,"tombstone:gift":1,"minecraft:white_banner":5,"minecraft:apple":1,"minecraft:iron_ingot":80,"minecraft:stone_pickaxe":2,"minecraft:iron_ore":430,"minecraft:iron_sword":1,"sophisticatedbackpacks:diamond_backpack":1,"minecraft:book":261,"minecraft:oak_slab":2,"minecraft:gravel":30,"minecraft:gold_ore":157,"minecraft:crying_obsidian":2,"minecraft:spider_eye":6,"minecraft:coal_ore":37,"minecraft:stone_axe":1,"minecraft:iron_helmet":2,"minecraft:diamond_axe":2,"tombstone:magic_scroll":2,"minecraft:melon_seeds":6,"minecraft:coal":163},"minecraft:crafted":{"minecraft:diamond_helmet":1,"minecraft:diamond_leggings":1,"minecraft:crafting_table":4,"minecraft:shield":1,"minecraft:iron_ingot":229,"minecraft:iron_pickaxe":17,"minecraft:gold_ingot":34,"minecraft:iron_hoe":1,"minecraft:diamond_boots":1,"minecraft:wheat":652,"minecraft:enchanted_book":1,"minecraft:bread":309,"minecraft:air":0,"minecraft:wooden_axe":1,"minecraft:acacia_planks":120,"minecraft:diamond_chestplate":1},"minecraft:broken":{"mining_helmet:mining_helmet":1,"minecraft:iron_pickaxe":7},"minecraft:killed":{"guardvillagers:guard":2,"minecraft:cave_spider":6,"minecraft:witch":1,"minecraft:spider":4,"minecraft:skeleton":15,"minecraft:chicken":1,"minecraft:iron_golem":4,"minecraft:sheep":2,"minecraft:pillager":10,"minecraft:zombie":10,"minecraft:vindicator":2,"minecraft:horse":1,"minecraft:husk":1,"minecraft:bat":1,"minecraft:ravager":1,"minecraft:villager":6},"minecraft:killed_by":{"minecraft:vex":1,"minecraft:skeleton":1},"minecraft:dropped":{"minecraft:gold_ore":92,"minecraft:iron_sword":1,"minecraft:diamond_axe":1,"minecraft:lapis_lazuli":212,"minecraft:diamond":13,"minecraft:crafting_table":7,"minecraft:crossbow":2,"minecraft:lantern":3,"minecraft:leather":3,"minecraft:saddle":2,"paraglider:spirit_orb":5,"minecraft:item_frame":6,"minecraft:emerald":43,"minecraft:flint":7,"minecraft:gold_block":6,"minecraft:dirt":88,"minecraft:mutton":7,"minecraft:gold_nugget":8,"minecraft:iron_pickaxe":21,"minecraft:white_wool":2,"minecraft:gold_ingot":38,"minecraft:bone":7,"minecraft:gravel":30,"minecraft:stone_axe":1,"minecraft:sugar_cane":320,"minecraft:iron_nugget":8,"minecraft:birch_sapling":5,"minecraft:wheat":144,"minecraft:rotten_flesh":12,"minecraft:oak_planks":48,"minecraft:acacia_stairs":1,"artifacts:everlasting_beef":1,"minecraft:poppy":5,"minecraft:leather_chestplate":1,"minecraft:coal_ore":18,"minecraft:melon_seeds":6,"minecraft:chest":6,"minecraft:chainmail_boots":1,"minecraft:iron_ore":283,"minecraft:arrow":32,"minecraft:beef":10,"minecraft:crying_obsidian":1,"minecraft:acacia_fence":15,"minecraft:egg":3,"minecraft:water_bucket":1,"minecraft:enchanted_book":7,"minecraft:iron_ingot":180,"minecraft:wheat_seeds":809,"minecraft:bookshelf":8,"minecraft:feather":3,"minecraft:iron_helmet":2,"minecraft:yellow_terracotta":2,"minecraft:cobblestone":1340,"minecraft:book":259,"minecraft:apple":1,"minecraft:granite":45,"minecraft:acacia_log":14,"minecraft:chainmail_helmet":1,"minecraft:golden_apple":4,"minecraft:coal":71,"minecraft:stick":259,"minecraft:diorite":53,"tombstone:magic_scroll":2,"minecraft:torch":3,"minecraft:wooden_axe":1,"minecraft:lapis_ore":6,"minecraft:diamond_helmet":1,"tombstone:grave_dust":4,"minecraft:fire_charge":1,"minecraft:iron_leggings":2,"minecraft:white_banner":1,"minecraft:chainmail_leggings":1,"minecraft:string":52,"minecraft:acacia_planks":73,"minecraft:redstone":20,"minecraft:furnace":1,"minecraft:experience_bottle":2,"minecraft:chicken":4,"minecraft:white_carpet":9,"minecraft:clay_ball":2,"minecraft:iron_boots":1,"minecraft:iron_hoe":1,"sophisticatedbackpacks:backpack":1,"minecraft:name_tag":3,"minecraft:shears":1,"minecraft:diamond_sword":2,"minecraft:stone":5,"minecraft:shield":4,"minecraft:diamond_pickaxe":1,"minecraft:andesite":137,"minecraft:oak_sapling":8,"minecraft:golden_sword":1,"minecraft:stone_pressure_plate":1,"minecraft:spider_eye":6,"minecraft:stone_pickaxe":2,"minecraft:magma_cream":9}},"DataVersion":2586}