{"stats":{"minecraft:killed":{"guardvillagers:guard":2,"minecraft:cave_spider":6,"minecraft:spider":2,"minecraft:skeleton":12,"minecraft:chicken":1,"minecraft:husk":1,"minecraft:bat":1,"minecraft:sheep":2,"minecraft:zombie":6,"minecraft:villager":4},"minecraft:used":{"minecraft:red_sand":1,"minecraft:light_gray_carpet":3,"minecraft:chest":6,"minecraft:stone":9,"minecraft:shield":31,"minecraft:iron_sword":87,"minecraft:orange_bed":5,"minecraft:brewing_stand":1,"minecraft:dirt":1,"minecraft:mutton":2,"minecraft:iron_hoe":496,"minecraft:wooden_axe":1,"minecraft:coal_ore":19,"minecraft:bookshelf":1,"carryon:tile_item":3,"minecraft:furnace":2,"tombstone:gift":6,"minecraft:potato":2,"minecraft:acacia_planks":55,"minecraft:water_bucket":6,"minecraft:iron_ore":12,"minecraft:stone_pickaxe":133,"minecraft:oak_planks":1,"minecraft:sandstone":1,"minecraft:gold_ore":33,"minecraft:gilded_blackstone":4,"minecraft:sand":40,"minecraft:crafting_table":3,"minecraft:redstone_torch":1,"minecraft:diamond_pickaxe":187,"minecraft:bread":173,"minecraft:melon_slice":1,"minecraft:iron_pickaxe":1851,"tombstone:magic_scroll":1,"minecraft:red_terracotta":2,"minecraft:stone_axe":58,"minecraft:diamond_sword":106,"minecraft:cobblestone":154,"minecraft:andesite":1,"minecraft:bucket":6},"minecraft:killed_by":{"minecraft:skeleton":1,"minecraft:vex":1},"minecraft:broken":{"minecraft:iron_pickaxe":7},"minecraft:custom":{"minecraft:interact_with_anvil":9,"minecraft:mob_kills":43,"minecraft:interact_with_crafting_table":20,"minecraft:open_barrel":4,"minecraft:damage_dealt_resisted":156,"minecraft:leave_game":3,"minecraft:time_since_death":163515,"minecraft:climb_one_cm":6513,"minecraft:sprint_one_cm":559989,"minecraft:walk_one_cm":629846,"minecraft:damage_blocked_by_shield":2245,"minecraft:drop":249,"minecraft:talked_to_villager":11,"minecraft:deaths":2,"minecraft:sneak_time":12392,"minecraft:walk_under_water_one_cm":17034,"minecraft:boat_one_cm":250248,"minecraft:interact_with_brewingstand":2,"minecraft:jump":2434,"minecraft:interact_with_blast_furnace":34,"minecraft:enchant_item":5,"minecraft:walk_on_water_one_cm":76736,"minecraft:interact_with_furnace":21,"minecraft:play_one_minute":329513,"minecraft:sleep_in_bed":5,"minecraft:time_since_rest":130861,"minecraft:damage_taken":9065,"minecraft:damage_dealt":8559,"minecraft:swim_one_cm":32709,"minecraft:fly_one_cm":365937,"minecraft:open_chest":70,"minecraft:crouch_one_cm":35255,"tombstone:undead_killed":19,"tombstone:villager_killed":4,"minecraft:fall_one_cm":64456},"minecraft:crafted":{"minecraft:diamond_helmet":1,"minecraft:diamond_leggings":1,"minecraft:iron_hoe":1,"minecraft:diamond_boots":1,"minecraft:wheat":652,"minecraft:crafting_table":4,"minecraft:bread":309,"minecraft:air":0,"minecraft:iron_pickaxe":17,"minecraft:iron_ingot":229,"minecraft:wooden_axe":1,"minecraft:gold_ingot":34,"minecraft:acacia_planks":120,"minecraft:diamond_chestplate":1},"minecraft:dropped":{"minecraft:enchanted_book":7,"minecraft:water_bucket":1,"minecraft:gold_ore":68,"minecraft:iron_ingot":138,"minecraft:iron_sword":1,"minecraft:wheat_seeds":608,"minecraft:lapis_lazuli":118,"minecraft:crafting_table":7,"minecraft:crossbow":2,"minecraft:iron_helmet":2,"minecraft:yellow_terracotta":2,"minecraft:feather":3,"minecraft:cobblestone":1325,"minecraft:book":176,"minecraft:apple":1,"minecraft:leather":1,"minecraft:granite":45,"minecraft:acacia_log":14,"minecraft:chainmail_helmet":1,"minecraft:coal":71,"minecraft:golden_apple":4,"minecraft:flint":7,"minecraft:emerald":7,"paraglider:spirit_orb":4,"minecraft:stick":251,"minecraft:item_frame":6,"minecraft:gold_block":6,"minecraft:dirt":35,"minecraft:diorite":45,"tombstone:magic_scroll":2,"minecraft:mutton":7,"minecraft:wooden_axe":1,"minecraft:lapis_ore":6,"minecraft:diamond_helmet":1,"minecraft:iron_leggings":2,"minecraft:gold_nugget":4,"minecraft:iron_pickaxe":21,"minecraft:chainmail_leggings":1,"minecraft:string":51,"minecraft:white_wool":2,"minecraft:acacia_planks":73,"minecraft:gold_ingot":38,"minecraft:redstone":20,"minecraft:bone":5,"minecraft:gravel":30,"minecraft:furnace":1,"minecraft:stone_axe":1,"minecraft:wheat":144,"minecraft:experience_bottle":2,"minecraft:chicken":4,"minecraft:white_carpet":9,"minecraft:rotten_flesh":12,"minecraft:clay_ball":2,"minecraft:iron_boots":1,"minecraft:iron_hoe":1,"sophisticatedbackpacks:backpack":1,"minecraft:name_tag":3,"minecraft:acacia_stairs":1,"minecraft:shears":1,"minecraft:diamond_sword":1,"minecraft:leather_chestplate":1,"minecraft:stone":4,"minecraft:shield":3,"minecraft:coal_ore":18,"minecraft:andesite":128,"minecraft:melon_seeds":6,"minecraft:oak_sapling":7,"minecraft:chest":6,"minecraft:chainmail_boots":1,"minecraft:golden_sword":1,"minecraft:stone_pressure_plate":1,"minecraft:spider_eye":6,"minecraft:iron_ore":124,"minecraft:stone_pickaxe":2,"minecraft:arrow":32,"minecraft:beef":10,"minecraft:acacia_fence":15,"minecraft:egg":3},"minecraft:picked_up":{"minecraft:crafting_table":6,"minecraft:wheat":520,"minecraft:chicken":6,"minecraft:diamond_sword":2,"minecraft:gold_block":4,"minecraft:enchanted_book":6,"minecraft:gilded_blackstone":4,"minecraft:brewing_stand":2,"minecraft:shield":3,"minecraft:golden_sword":1,"minecraft:string":51,"minecraft:iron_leggings":3,"minecraft:item_frame":6,"minecraft:white_carpet":9,"minecraft:experience_bottle":2,"minecraft:red_sand":1,"minecraft:beef":10,"minecraft:redstone_torch":1,"minecraft:iron_pickaxe":12,"minecraft:melon_slice":62,"minecraft:sugar_cane":48,"minecraft:chest":12,"minecraft:iron_boots":2,"minecraft:furnace":3,"minecraft:stick":321,"minecraft:sandstone":1,"minecraft:stone":13,"minecraft:acacia_fence":15,"minecraft:torch":24,"minecraft:acacia_log":44,"sophisticatedbackpacks:backpack":1,"minecraft:diorite":45,"minecraft:carrot":31,"minecraft:redstone":18,"minecraft:stone_pressure_plate":1,"minecraft:orange_bed":5,"artifacts:snorkel":1,"minecraft:arrow":30,"minecraft:rotten_flesh":15,"minecraft:hay_block":74,"minecraft:yellow_terracotta":2,"minecraft:bookshelf":1,"minecraft:gold_ingot":2,"minecraft:mutton":16,"minecraft:white_wool":2,"minecraft:cobblestone":1498,"minecraft:lapis_ore":6,"minecraft:leather_chestplate":2,"minecraft:water_bucket":2,"minecraft:andesite":129,"minecraft:leather":1,"minecraft:potato":1,"paraglider:spirit_orb":7,"minecraft:flint":9,"minecraft:lapis_lazuli":221,"minecraft:dirt":36,"tombstone:gift":1,"minecraft:bone":5,"minecraft:acacia_planks":27,"minecraft:apple":1,"minecraft:wheat_seeds":548,"minecraft:stone_pickaxe":2,"minecraft:iron_ingot":56,"minecraft:iron_ore":403,"minecraft:diamond_helmet":1,"minecraft:oak_planks":1,"minecraft:iron_sword":1,"sophisticatedbackpacks:diamond_backpack":1,"minecraft:book":114,"minecraft:gravel":30,"minecraft:sand":36,"minecraft:acacia_stairs":1,"minecraft:gold_ore":141,"minecraft:red_terracotta":2,"minecraft:spider_eye":6,"mining_helmet:mining_helmet":1,"minecraft:iron_hoe":1,"minecraft:coal_ore":37,"minecraft:stone_axe":1,"minecraft:diamond":38,"minecraft:iron_helmet":2,"minecraft:crossbow":3,"minecraft:granite":43,"minecraft:emerald":5,"minecraft:bread":8,"minecraft:light_gray_carpet":3,"minecraft:oak_sapling":7,"tombstone:magic_scroll":2,"minecraft:melon_seeds":6,"minecraft:coal":163,"minecraft:diamond_pickaxe":1},"minecraft:mined":{"minecraft:yellow_terracotta":2,"minecraft:brewing_stand":2,"minecraft:granite":30,"minecraft:red_sand":1,"minecraft:acacia_log":3,"minecraft:grass_block":1,"minecraft:gilded_blackstone":4,"minecraft:hay_block":70,"minecraft:redstone_ore":1,"minecraft:furnace":2,"minecraft:carrots":9,"minecraft:iron_ore":401,"minecraft:acacia_stairs":1,"minecraft:andesite":40,"minecraft:enchanting_table":2,"minecraft:bookshelf":6,"minecraft:stone":1283,"minecraft:orange_bed":6,"minecraft:melon_stem":6,"minecraft:crafting_table":4,"minecraft:torch":1,"minecraft:poppy":1,"minecraft:melon":12,"minecraft:chest":7,"minecraft:dead_bush":130,"minecraft:tall_grass":16,"minecraft:cobblestone":18,"minecraft:lapis_ore":11,"minecraft:sugar_cane":16,"minecraft:diorite":29,"minecraft:red_terracotta":2,"minecraft:wheat":376,"minecraft:grass":21,"minecraft:coal_ore":206,"minecraft:beetroots":6,"minecraft:acacia_fence":9,"minecraft:gravel":16,"minecraft:sand":20,"minecraft:dirt":2,"minecraft:cobweb":17,"minecraft:acacia_planks":3,"minecraft:gold_ore":106,"minecraft:birch_fence":1}},"DataVersion":2586}