{"stats":{"minecraft:killed":{"guardvillagers:guard":2,"minecraft:cave_spider":6,"minecraft:spider":2,"minecraft:skeleton":9,"minecraft:chicken":1,"minecraft:husk":1,"minecraft:sheep":2,"minecraft:zombie":5,"minecraft:villager":4},"minecraft:used":{"minecraft:red_sand":1,"minecraft:light_gray_carpet":3,"minecraft:chest":6,"minecraft:stone":6,"minecraft:shield":13,"minecraft:iron_sword":87,"minecraft:orange_bed":5,"minecraft:dirt":1,"minecraft:mutton":2,"minecraft:iron_hoe":496,"minecraft:wooden_axe":1,"minecraft:coal_ore":19,"carryon:tile_item":1,"minecraft:furnace":2,"tombstone:gift":6,"minecraft:potato":2,"minecraft:acacia_planks":55,"minecraft:water_bucket":4,"minecraft:iron_ore":12,"minecraft:stone_pickaxe":133,"minecraft:oak_planks":1,"minecraft:sandstone":1,"minecraft:gold_ore":33,"minecraft:gilded_blackstone":4,"minecraft:sand":40,"minecraft:crafting_table":3,"minecraft:redstone_torch":1,"minecraft:diamond_pickaxe":174,"minecraft:bread":150,"minecraft:melon_slice":1,"minecraft:iron_pickaxe":372,"minecraft:red_terracotta":2,"minecraft:stone_axe":58,"minecraft:diamond_sword":89,"minecraft:cobblestone":30,"minecraft:andesite":1,"minecraft:bucket":4},"minecraft:killed_by":{"minecraft:skeleton":1,"minecraft:vex":1},"minecraft:custom":{"minecraft:interact_with_anvil":2,"minecraft:mob_kills":38,"minecraft:interact_with_crafting_table":15,"minecraft:open_barrel":4,"minecraft:damage_dealt_resisted":156,"minecraft:leave_game":3,"minecraft:time_since_death":85515,"minecraft:climb_one_cm":6513,"minecraft:sprint_one_cm":503997,"minecraft:walk_one_cm":460341,"minecraft:damage_blocked_by_shield":735,"minecraft:drop":144,"minecraft:talked_to_villager":11,"minecraft:deaths":2,"minecraft:sneak_time":7139,"minecraft:walk_under_water_one_cm":10810,"minecraft:boat_one_cm":250248,"minecraft:jump":2099,"minecraft:interact_with_blast_furnace":10,"minecraft:enchant_item":2,"minecraft:walk_on_water_one_cm":48983,"minecraft:interact_with_furnace":10,"minecraft:play_one_minute":251513,"minecraft:sleep_in_bed":5,"minecraft:time_since_rest":52861,"minecraft:damage_taken":7851,"minecraft:damage_dealt":7397,"minecraft:swim_one_cm":3788,"minecraft:fly_one_cm":349068,"minecraft:open_chest":57,"minecraft:crouch_one_cm":19908,"tombstone:undead_killed":15,"tombstone:villager_killed":4,"minecraft:fall_one_cm":61391},"minecraft:crafted":{"minecraft:diamond_helmet":1,"minecraft:diamond_leggings":1,"minecraft:iron_hoe":1,"minecraft:diamond_boots":1,"minecraft:wheat":652,"minecraft:crafting_table":4,"minecraft:bread":309,"minecraft:air":0,"minecraft:iron_pickaxe":2,"minecraft:iron_ingot":101,"minecraft:wooden_axe":1,"minecraft:acacia_planks":120,"minecraft:diamond_chestplate":1},"minecraft:dropped":{"minecraft:water_bucket":1,"minecraft:iron_ingot":2,"minecraft:iron_sword":1,"minecraft:wheat_seeds":517,"minecraft:lapis_lazuli":1,"minecraft:crafting_table":7,"minecraft:crossbow":2,"minecraft:iron_helmet":2,"minecraft:yellow_terracotta":2,"minecraft:feather":3,"minecraft:cobblestone":16,"minecraft:book":176,"minecraft:leather":1,"minecraft:granite":15,"minecraft:acacia_log":14,"minecraft:chainmail_helmet":1,"paraglider:spirit_orb":4,"minecraft:stick":251,"minecraft:item_frame":6,"minecraft:diorite":8,"minecraft:mutton":7,"minecraft:wooden_axe":1,"minecraft:iron_leggings":2,"minecraft:iron_pickaxe":1,"minecraft:chainmail_leggings":1,"minecraft:string":4,"minecraft:white_wool":2,"minecraft:acacia_planks":3,"minecraft:redstone":15,"minecraft:bone":5,"minecraft:furnace":1,"minecraft:stone_axe":1,"minecraft:wheat":144,"minecraft:experience_bottle":2,"minecraft:chicken":4,"minecraft:white_carpet":9,"minecraft:rotten_flesh":12,"minecraft:clay_ball":2,"minecraft:iron_boots":1,"minecraft:iron_hoe":1,"minecraft:acacia_stairs":1,"minecraft:shears":1,"minecraft:diamond_sword":1,"minecraft:leather_chestplate":1,"minecraft:stone":3,"minecraft:shield":3,"minecraft:coal_ore":2,"minecraft:andesite":2,"minecraft:melon_seeds":6,"minecraft:oak_sapling":7,"minecraft:chest":6,"minecraft:chainmail_boots":1,"minecraft:golden_sword":1,"minecraft:stone_pressure_plate":1,"minecraft:spider_eye":6,"minecraft:stone_pickaxe":2,"minecraft:arrow":29,"minecraft:beef":10,"minecraft:acacia_fence":15,"minecraft:egg":3},"minecraft:picked_up":{"minecraft:crafting_table":6,"minecraft:wheat":516,"minecraft:chicken":6,"minecraft:diamond_sword":2,"minecraft:enchanted_book":5,"minecraft:gilded_blackstone":4,"minecraft:brewing_stand":1,"minecraft:shield":3,"minecraft:golden_sword":1,"minecraft:string":51,"minecraft:iron_leggings":3,"minecraft:item_frame":6,"minecraft:white_carpet":9,"minecraft:experience_bottle":2,"minecraft:red_sand":1,"minecraft:beef":10,"minecraft:redstone_torch":1,"minecraft:melon_slice":62,"minecraft:sugar_cane":48,"minecraft:chest":12,"minecraft:iron_boots":2,"minecraft:furnace":3,"minecraft:stick":321,"minecraft:sandstone":1,"minecraft:stone":9,"minecraft:acacia_fence":15,"minecraft:torch":23,"minecraft:acacia_log":44,"sophisticatedbackpacks:backpack":1,"minecraft:diorite":8,"minecraft:carrot":31,"minecraft:redstone":13,"minecraft:stone_pressure_plate":1,"minecraft:orange_bed":5,"artifacts:snorkel":1,"minecraft:arrow":27,"minecraft:rotten_flesh":13,"minecraft:hay_block":74,"minecraft:yellow_terracotta":2,"minecraft:gold_ingot":2,"minecraft:mutton":16,"minecraft:white_wool":2,"minecraft:cobblestone":129,"minecraft:lapis_ore":2,"minecraft:leather_chestplate":2,"minecraft:water_bucket":2,"minecraft:andesite":3,"minecraft:leather":1,"minecraft:potato":1,"paraglider:spirit_orb":7,"minecraft:lapis_lazuli":91,"minecraft:dirt":1,"tombstone:gift":1,"minecraft:bone":5,"minecraft:acacia_planks":27,"minecraft:apple":1,"minecraft:wheat_seeds":457,"minecraft:stone_pickaxe":2,"minecraft:iron_ingot":4,"minecraft:iron_ore":245,"minecraft:oak_planks":1,"minecraft:iron_sword":1,"minecraft:book":111,"minecraft:sand":36,"minecraft:acacia_stairs":1,"minecraft:gold_ore":99,"minecraft:red_terracotta":2,"minecraft:spider_eye":6,"mining_helmet:mining_helmet":1,"minecraft:iron_hoe":1,"minecraft:coal_ore":37,"minecraft:stone_axe":1,"minecraft:diamond":38,"minecraft:iron_helmet":2,"minecraft:crossbow":3,"minecraft:granite":13,"minecraft:emerald":5,"minecraft:bread":8,"minecraft:light_gray_carpet":3,"minecraft:oak_sapling":7,"tombstone:magic_scroll":1,"minecraft:melon_seeds":6,"minecraft:coal":124,"minecraft:diamond_pickaxe":1},"minecraft:mined":{"minecraft:yellow_terracotta":2,"minecraft:brewing_stand":1,"minecraft:red_sand":1,"minecraft:acacia_log":3,"minecraft:grass_block":1,"minecraft:gilded_blackstone":4,"minecraft:hay_block":70,"minecraft:furnace":2,"minecraft:carrots":9,"minecraft:iron_ore":247,"minecraft:acacia_stairs":1,"minecraft:andesite":4,"minecraft:bookshelf":4,"minecraft:stone":117,"minecraft:orange_bed":6,"minecraft:melon_stem":6,"minecraft:crafting_table":4,"minecraft:torch":1,"minecraft:poppy":1,"minecraft:melon":12,"minecraft:chest":7,"minecraft:dead_bush":130,"minecraft:tall_grass":16,"minecraft:cobblestone":6,"minecraft:lapis_ore":7,"minecraft:sugar_cane":16,"minecraft:diorite":5,"minecraft:red_terracotta":2,"minecraft:wheat":376,"minecraft:grass":21,"minecraft:coal_ore":164,"minecraft:beetroots":6,"minecraft:acacia_fence":9,"minecraft:gravel":5,"minecraft:sand":20,"minecraft:cobweb":17,"minecraft:acacia_planks":3,"minecraft:gold_ore":98,"minecraft:birch_fence":1}},"DataVersion":2586}