{"stats":{"minecraft:killed":{"minecraft:pig":10,"minecraft:sheep":6,"minecraft:skeleton":1,"minecraft:zombie":1},"minecraft:picked_up":{"minecraft:crafting_table":11,"minecraft:azure_bluet":1,"minecraft:andesite":4,"minecraft:smoker":2,"minecraft:oak_log":81,"minecraft:dirt":6,"minecraft:raw_copper":3,"minecraft:bone":2,"minecraft:apple":5,"minecraft:wheat_seeds":1,"minecraft:raw_gold":3,"minecraft:iron_ingot":1,"minecraft:stone_pickaxe":1,"minecraft:oak_planks":6,"minecraft:furnace":3,"minecraft:raw_iron":26,"minecraft:stick":13,"minecraft:porkchop":17,"minecraft:blast_furnace":3,"minecraft:white_bed":1,"minecraft:rotten_flesh":3,"minecraft:oak_sapling":14,"minecraft:mutton":10,"minecraft:cobblestone":44,"minecraft:coal":36,"minecraft:white_wool":6},"minecraft:mined":{"minecraft:white_bed":1,"minecraft:oak_sapling":5,"minecraft:smoker":2,"minecraft:crafting_table":11,"minecraft:blast_furnace":3,"minecraft:grass_block":2,"minecraft:copper_ore":1,"minecraft:oak_planks":4,"minecraft:furnace":3,"minecraft:iron_ore":15,"minecraft:andesite":4,"minecraft:azure_bluet":1,"minecraft:grass":6,"minecraft:oak_log":8,"minecraft:coal_ore":34,"minecraft:deepslate_iron_ore":9,"minecraft:dirt":4,"minecraft:stone":44,"minecraft:gold_ore":3,"minecraft:oak_leaves":2},"minecraft:crafted":{"minecraft:oak_door":3,"minecraft:oak_planks":276,"minecraft:smooth_stone":3,"minecraft:cooked_porkchop":12,"minecraft:crafting_table":1,"minecraft:wooden_pickaxe":1,"minecraft:furnace":3,"minecraft:blast_furnace":1,"minecraft:stone":3,"minecraft:stone_axe":1,"minecraft:air":0,"minecraft:iron_axe":1,"minecraft:stick":16,"minecraft:iron_ingot":18,"minecraft:iron_pickaxe":1,"minecraft:stone_pickaxe":1,"minecraft:white_bed":2,"minecraft:torch":48,"minecraft:smoker":1},"minecraft:used":{"minecraft:stone_pickaxe":61,"minecraft:oak_planks":77,"minecraft:wooden_pickaxe":22,"minecraft:oak_door":3,"minecraft:torch":14,"minecraft:dirt":6,"minecraft:crafting_table":11,"minecraft:blast_furnace":3,"minecraft:white_bed":1,"minecraft:smoker":2,"minecraft:apple":3,"minecraft:iron_axe":2,"minecraft:iron_pickaxe":50,"minecraft:stone_axe":44,"minecraft:cobblestone":5,"minecraft:furnace":4,"minecraft:oak_sapling":8,"minecraft:cooked_porkchop":11},"minecraft:custom":{"minecraft:interact_with_furnace":23,"minecraft:mob_kills":19,"minecraft:interact_with_crafting_table":13,"minecraft:leave_game":6,"minecraft:time_since_death":60698,"minecraft:sleep_in_bed":1,"minecraft:time_since_rest":38865,"minecraft:sprint_one_cm":88338,"minecraft:walk_one_cm":96628,"minecraft:damage_taken":1080,"minecraft:damage_absorbed":170,"minecraft:drop":10,"minecraft:damage_dealt":1852,"minecraft:swim_one_cm":20030,"minecraft:fly_one_cm":207867,"minecraft:crouch_one_cm":8138,"minecraft:play_time":60698,"minecraft:sneak_time":2861,"minecraft:walk_under_water_one_cm":4362,"minecraft:jump":958,"minecraft:interact_with_blast_furnace":9,"minecraft:walk_on_water_one_cm":2570,"minecraft:interact_with_smoker":8,"minecraft:total_world_time":60698,"minecraft:fall_one_cm":36791},"minecraft:broken":{"minecraft:stone_axe":1},"minecraft:dropped":{"minecraft:porkchop":4,"minecraft:wheat_seeds":1,"minecraft:apple":2,"minecraft:azure_bluet":1,"minecraft:white_bed":1,"minecraft:oak_sapling":4,"minecraft:stone_pickaxe":1,"minecraft:bone":2}},"DataVersion":3465}