{"stats":{"minecraft:broken":{"minecraft:stone_axe":1},"minecraft:picked_up":{"minecraft:crafting_table":10,"minecraft:azure_bluet":1,"minecraft:smoker":1,"minecraft:oak_log":81,"minecraft:dirt":6,"minecraft:bone":2,"minecraft:apple":5,"minecraft:wheat_seeds":1,"minecraft:iron_ingot":1,"minecraft:stone_pickaxe":1,"minecraft:oak_planks":2,"minecraft:furnace":3,"minecraft:stick":13,"minecraft:raw_iron":18,"minecraft:porkchop":17,"minecraft:blast_furnace":2,"minecraft:white_bed":1,"minecraft:rotten_flesh":2,"minecraft:oak_sapling":14,"minecraft:mutton":10,"minecraft:cobblestone":39,"minecraft:coal":21,"minecraft:white_wool":6},"minecraft:used":{"minecraft:stone_pickaxe":61,"minecraft:oak_planks":63,"minecraft:wooden_pickaxe":22,"minecraft:oak_door":3,"minecraft:torch":7,"minecraft:dirt":6,"minecraft:crafting_table":10,"minecraft:blast_furnace":2,"minecraft:white_bed":1,"minecraft:smoker":1,"minecraft:apple":3,"minecraft:iron_pickaxe":5,"minecraft:stone_axe":44,"minecraft:cobblestone":5,"minecraft:furnace":4,"minecraft:oak_sapling":8,"minecraft:cooked_porkchop":7},"minecraft:mined":{"minecraft:white_bed":1,"minecraft:oak_sapling":5,"minecraft:smoker":1,"minecraft:crafting_table":10,"minecraft:blast_furnace":2,"minecraft:grass_block":2,"minecraft:oak_planks":2,"minecraft:furnace":3,"minecraft:iron_ore":7,"minecraft:azure_bluet":1,"minecraft:grass":6,"minecraft:oak_log":8,"minecraft:coal_ore":19,"minecraft:deepslate_iron_ore":9,"minecraft:dirt":4,"minecraft:stone":39,"minecraft:oak_leaves":2},"minecraft:dropped":{"minecraft:porkchop":4,"minecraft:wheat_seeds":1,"minecraft:apple":2,"minecraft:azure_bluet":1,"minecraft:white_bed":1,"minecraft:oak_sapling":4,"minecraft:stone_pickaxe":1,"minecraft:bone":2},"minecraft:crafted":{"minecraft:oak_door":3,"minecraft:oak_planks":276,"minecraft:smooth_stone":3,"minecraft:cooked_porkchop":8,"minecraft:crafting_table":1,"minecraft:wooden_pickaxe":1,"minecraft:furnace":3,"minecraft:blast_furnace":1,"minecraft:stone":3,"minecraft:stone_axe":1,"minecraft:air":0,"minecraft:stick":16,"minecraft:iron_ingot":9,"minecraft:iron_pickaxe":1,"minecraft:stone_pickaxe":1,"minecraft:white_bed":2,"minecraft:torch":48,"minecraft:smoker":1},"minecraft:killed":{"minecraft:pig":10,"minecraft:skeleton":1,"minecraft:sheep":6,"minecraft:zombie":1},"minecraft:custom":{"minecraft:interact_with_furnace":21,"minecraft:mob_kills":18,"minecraft:interact_with_crafting_table":12,"minecraft:leave_game":6,"minecraft:time_since_death":38219,"minecraft:sleep_in_bed":1,"minecraft:time_since_rest":16386,"minecraft:sprint_one_cm":79182,"minecraft:damage_absorbed":20,"minecraft:damage_taken":625,"minecraft:walk_one_cm":65032,"minecraft:drop":10,"minecraft:damage_dealt":1620,"minecraft:swim_one_cm":20030,"minecraft:fly_one_cm":199879,"minecraft:crouch_one_cm":5894,"minecraft:play_time":38219,"minecraft:sneak_time":1959,"minecraft:walk_under_water_one_cm":4362,"minecraft:jump":798,"minecraft:interact_with_blast_furnace":4,"minecraft:walk_on_water_one_cm":2570,"minecraft:total_world_time":38219,"minecraft:interact_with_smoker":6,"minecraft:fall_one_cm":33858}},"DataVersion":3465}