{"stats":{"minecraft:killed":{"minecraft:husk":1,"minecraft:pig":57,"minecraft:spider":1,"minecraft:sheep":6,"minecraft:skeleton":1,"minecraft:zombie":1},"minecraft:picked_up":{"minecraft:crafting_table":15,"minecraft:azure_bluet":1,"minecraft:andesite":9,"minecraft:smoker":5,"another_furniture:oak_chair":1,"minecraft:oak_log":81,"minecraft:dirt":12,"minecraft:raw_copper":5,"minecraft:bone":2,"minecraft:apple":5,"minecraft:wheat_seeds":2,"minecraft:raw_gold":7,"minecraft:iron_ingot":1,"minecraft:stone_pickaxe":1,"minecraft:oak_planks":12,"minecraft:egg":1,"minecraft:furnace":3,"minecraft:raw_iron":27,"minecraft:stick":13,"minecraft:cooked_porkchop":43,"minecraft:oak_door":1,"minecraft:torch":6,"minecraft:porkchop":108,"minecraft:blast_furnace":4,"minecraft:diorite":2,"minecraft:white_bed":1,"minecraft:rotten_flesh":7,"minecraft:granite":2,"minecraft:oak_sapling":14,"minecraft:mutton":10,"minecraft:cobblestone":93,"minecraft:coal":59,"minecraft:white_wool":6},"minecraft:mined":{"minecraft:white_bed":1,"minecraft:oak_sapling":5,"minecraft:smoker":5,"minecraft:crafting_table":16,"minecraft:torch":5,"minecraft:granite":3,"minecraft:blast_furnace":4,"minecraft:grass_block":4,"minecraft:tall_grass":1,"minecraft:copper_ore":2,"minecraft:oak_planks":10,"another_furniture:oak_chair":1,"minecraft:diorite":2,"minecraft:wall_torch":1,"minecraft:furnace":3,"minecraft:iron_ore":17,"minecraft:andesite":8,"minecraft:azure_bluet":1,"minecraft:grass":41,"minecraft:oak_log":8,"minecraft:coal_ore":35,"minecraft:deepslate_iron_ore":9,"minecraft:dirt":9,"minecraft:stone":92,"minecraft:gold_ore":7,"minecraft:oak_leaves":2},"minecraft:crafted":{"minecraft:oak_door":6,"minecraft:oak_planks":276,"minecraft:smooth_stone":3,"minecraft:cooked_porkchop":58,"minecraft:crafting_table":1,"minecraft:wooden_pickaxe":1,"another_furniture:oak_chair":3,"minecraft:furnace":3,"minecraft:blast_furnace":1,"minecraft:stone":3,"minecraft:bucket":1,"minecraft:stone_axe":1,"minecraft:air":0,"minecraft:shield":1,"minecraft:iron_axe":1,"minecraft:stick":16,"minecraft:iron_ingot":22,"minecraft:iron_pickaxe":1,"minecraft:stone_pickaxe":1,"minecraft:gold_ingot":7,"minecraft:white_bed":2,"minecraft:torch":48,"minecraft:smoker":1},"minecraft:killed_by":{"creeperoverhaul:ocean_creeper":1},"minecraft:used":{"minecraft:diorite":2,"minecraft:stone_pickaxe":61,"minecraft:oak_planks":163,"minecraft:wooden_pickaxe":22,"minecraft:rotten_flesh":3,"another_furniture:oak_chair":4,"minecraft:oak_door":5,"minecraft:torch":42,"minecraft:dirt":12,"minecraft:crafting_table":16,"minecraft:blast_furnace":4,"minecraft:white_bed":1,"minecraft:granite":2,"minecraft:smoker":5,"minecraft:apple":3,"minecraft:iron_axe":126,"minecraft:iron_pickaxe":126,"minecraft:stone_axe":44,"minecraft:cobblestone":5,"minecraft:furnace":4,"minecraft:oak_sapling":8,"minecraft:cooked_porkchop":19,"minecraft:bucket":1,"minecraft:andesite":6},"minecraft:custom":{"minecraft:interact_with_furnace":23,"minecraft:mob_kills":68,"minecraft:interact_with_crafting_table":18,"minecraft:leave_game":6,"minecraft:time_since_death":11,"minecraft:sleep_in_bed":1,"minecraft:time_since_rest":38,"minecraft:sprint_one_cm":169575,"minecraft:walk_one_cm":165124,"minecraft:damage_taken":2098,"minecraft:damage_absorbed":690,"minecraft:drop":15,"minecraft:damage_dealt":7170,"minecraft:swim_one_cm":51402,"minecraft:fly_one_cm":353248,"minecraft:crouch_one_cm":10207,"minecraft:play_time":96698,"minecraft:deaths":3,"minecraft:sneak_time":3752,"minecraft:walk_under_water_one_cm":16445,"minecraft:boat_one_cm":122840,"minecraft:jump":1604,"minecraft:interact_with_blast_furnace":14,"minecraft:walk_on_water_one_cm":10355,"minecraft:interact_with_smoker":24,"minecraft:total_world_time":96698,"minecraft:fall_one_cm":51740},"minecraft:broken":{"minecraft:stone_axe":1},"minecraft:dropped":{"minecraft:porkchop":4,"minecraft:wheat_seeds":2,"minecraft:raw_copper":5,"minecraft:rotten_flesh":2,"minecraft:apple":2,"minecraft:azure_bluet":1,"minecraft:white_bed":1,"minecraft:oak_sapling":6,"minecraft:stone_pickaxe":1,"minecraft:egg":1,"minecraft:bone":2}},"DataVersion":3465}