{"stats":{"minecraft:killed":{"minecraft:husk":1,"minecraft:pig":57,"minecraft:spider":1,"minecraft:sheep":6,"minecraft:skeleton":1,"minecraft:zombie":1},"minecraft:picked_up":{"minecraft:crafting_table":13,"minecraft:azure_bluet":1,"minecraft:andesite":9,"minecraft:smoker":4,"another_furniture:oak_chair":1,"minecraft:oak_log":81,"minecraft:dirt":12,"minecraft:raw_copper":5,"minecraft:bone":2,"minecraft:apple":5,"minecraft:wheat_seeds":2,"minecraft:raw_gold":7,"minecraft:iron_ingot":1,"minecraft:stone_pickaxe":1,"minecraft:oak_planks":12,"minecraft:egg":1,"minecraft:furnace":3,"minecraft:raw_iron":27,"minecraft:stick":13,"minecraft:torch":6,"minecraft:porkchop":108,"minecraft:blast_furnace":4,"minecraft:diorite":2,"minecraft:white_bed":1,"minecraft:rotten_flesh":7,"minecraft:granite":2,"minecraft:oak_sapling":14,"minecraft:mutton":10,"minecraft:cobblestone":93,"minecraft:coal":52,"minecraft:white_wool":6},"minecraft:mined":{"minecraft:white_bed":1,"minecraft:oak_sapling":5,"minecraft:smoker":4,"minecraft:crafting_table":13,"minecraft:torch":5,"minecraft:granite":3,"minecraft:blast_furnace":4,"minecraft:grass_block":4,"minecraft:tall_grass":1,"minecraft:copper_ore":2,"minecraft:oak_planks":10,"another_furniture:oak_chair":1,"minecraft:diorite":2,"minecraft:wall_torch":1,"minecraft:furnace":3,"minecraft:iron_ore":17,"minecraft:andesite":8,"minecraft:azure_bluet":1,"minecraft:grass":41,"minecraft:oak_log":8,"minecraft:coal_ore":35,"minecraft:deepslate_iron_ore":9,"minecraft:dirt":9,"minecraft:stone":92,"minecraft:gold_ore":7,"minecraft:oak_leaves":2},"minecraft:crafted":{"minecraft:oak_door":3,"minecraft:oak_planks":276,"minecraft:smooth_stone":3,"minecraft:cooked_porkchop":58,"minecraft:crafting_table":1,"minecraft:wooden_pickaxe":1,"another_furniture:oak_chair":3,"minecraft:furnace":3,"minecraft:blast_furnace":1,"minecraft:stone":3,"minecraft:bucket":1,"minecraft:stone_axe":1,"minecraft:air":0,"minecraft:iron_axe":1,"minecraft:stick":16,"minecraft:iron_ingot":22,"minecraft:iron_pickaxe":1,"minecraft:stone_pickaxe":1,"minecraft:gold_ingot":7,"minecraft:white_bed":2,"minecraft:torch":48,"minecraft:smoker":1},"minecraft:used":{"minecraft:diorite":2,"minecraft:stone_pickaxe":61,"minecraft:oak_planks":163,"minecraft:wooden_pickaxe":22,"minecraft:rotten_flesh":3,"another_furniture:oak_chair":4,"minecraft:oak_door":3,"minecraft:torch":37,"minecraft:dirt":12,"minecraft:crafting_table":14,"minecraft:blast_furnace":4,"minecraft:white_bed":1,"minecraft:granite":2,"minecraft:smoker":5,"minecraft:apple":3,"minecraft:iron_axe":120,"minecraft:iron_pickaxe":125,"minecraft:stone_axe":44,"minecraft:cobblestone":5,"minecraft:furnace":4,"minecraft:oak_sapling":8,"minecraft:cooked_porkchop":17,"minecraft:bucket":1,"minecraft:andesite":6},"minecraft:custom":{"minecraft:interact_with_furnace":23,"minecraft:mob_kills":68,"minecraft:interact_with_crafting_table":16,"minecraft:leave_game":6,"minecraft:time_since_death":84698,"minecraft:sleep_in_bed":1,"minecraft:time_since_rest":62865,"minecraft:sprint_one_cm":159536,"minecraft:walk_one_cm":158897,"minecraft:damage_taken":1360,"minecraft:damage_absorbed":200,"minecraft:drop":15,"minecraft:damage_dealt":6923,"minecraft:swim_one_cm":23305,"minecraft:fly_one_cm":331692,"minecraft:crouch_one_cm":10194,"minecraft:play_time":84698,"minecraft:sneak_time":3711,"minecraft:walk_under_water_one_cm":4770,"minecraft:jump":1534,"minecraft:interact_with_blast_furnace":14,"minecraft:walk_on_water_one_cm":6501,"minecraft:interact_with_smoker":24,"minecraft:total_world_time":84698,"minecraft:fall_one_cm":50093},"minecraft:broken":{"minecraft:stone_axe":1},"minecraft:dropped":{"minecraft:porkchop":4,"minecraft:wheat_seeds":2,"minecraft:raw_copper":5,"minecraft:rotten_flesh":2,"minecraft:apple":2,"minecraft:azure_bluet":1,"minecraft:white_bed":1,"minecraft:oak_sapling":6,"minecraft:stone_pickaxe":1,"minecraft:egg":1,"minecraft:bone":2}},"DataVersion":3465}