{"stats":{"minecraft:broken":{"mining_helmet:mining_helmet":1,"minecraft:wooden_axe":1,"minecraft:leather_helmet":1,"minecraft:leather_chestplate":1,"minecraft:stone_hoe":1,"minecraft:shield":1,"minecraft:iron_axe":1,"minecraft:iron_pickaxe":17},"minecraft:picked_up":{"minecraft:wheat":340,"minecraft:chainmail_boots":1,"minecraft:anvil":2,"minecraft:diamond_sword":3,"minecraft:enchanted_book":12,"minecraft:golden_sword":1,"paraglider:goddess_statue":5,"minecraft:string":32,"minecraft:smooth_stone_slab":11,"minecraft:iron_leggings":2,"minecraft:armor_stand":2,"minecraft:gold_nugget":4,"minecraft:smooth_stone":2,"minecraft:cobblestone_slab":6,"minecraft:iron_pickaxe":6,"minecraft:furnace":7,"minecraft:iron_boots":1,"minecraft:stick":120,"minecraft:acacia_fence":14,"minecraft:brown_terracotta":2,"minecraft:torch":46,"minecraft:acacia_log":32,"tombstone:grave_dust":4,"minecraft:diorite":113,"minecraft:orange_bed":3,"minecraft:cactus":1,"minecraft:rotten_flesh":18,"minecraft:bookshelf":8,"minecraft:obsidian":4,"minecraft:cobblestone":2342,"minecraft:enchanting_table":4,"minecraft:leather_chestplate":1,"minecraft:water_bucket":1,"minecraft:andesite":140,"minecraft:smoker":1,"paraglider:spirit_orb":9,"minecraft:flint":12,"minecraft:lapis_lazuli":281,"minecraft:dirt":156,"minecraft:lantern":1,"minecraft:name_tag":3,"minecraft:leather_boots":1,"minecraft:bone":6,"minecraft:acacia_planks":78,"minecraft:wheat_seeds":1024,"minecraft:diamond_helmet":1,"minecraft:oak_planks":166,"minecraft:sand":19,"minecraft:cyan_bed":12,"minecraft:red_terracotta":1,"mining_helmet:mining_helmet":2,"minecraft:iron_hoe":1,"minecraft:yellow_carpet":2,"minecraft:diamond":105,"minecraft:crossbow":1,"minecraft:granite":116,"minecraft:golden_apple":4,"minecraft:emerald":8,"minecraft:chainmail_helmet":1,"minecraft:oak_sapling":45,"minecraft:coarse_dirt":1,"minecraft:crafting_table":59,"minecraft:sandstone_slab":3,"minecraft:azure_bluet":1,"minecraft:turtle_helmet":1,"minecraft:leather_leggings":1,"minecraft:gold_block":4,"minecraft:shield":2,"minecraft:cornflower":2,"minecraft:flint_and_steel":1,"minecraft:item_frame":2,"minecraft:beef":33,"minecraft:oak_boat":5,"minecraft:player_head":2,"minecraft:poppy":3,"minecraft:iron_nugget":2,"minecraft:lectern":24,"minecraft:chest":1,"minecraft:sugar_cane":3,"minecraft:sandstone":5,"minecraft:stone":13,"minecraft:oak_door":1,"sophisticatedbackpacks:backpack":1,"minecraft:trident":1,"minecraft:redstone":138,"minecraft:stone_pressure_plate":1,"minecraft:arrow":9,"minecraft:hay_block":244,"minecraft:sandstone_stairs":14,"minecraft:totem_of_undying":1,"minecraft:gold_ingot":38,"minecraft:mutton":2,"minecraft:rail":1,"minecraft:white_wool":3,"minecraft:oxeye_daisy":1,"minecraft:lapis_ore":4,"minecraft:leather":16,"minecraft:oak_log":178,"minecraft:chainmail_chestplate":1,"minecraft:yellow_bed":3,"minecraft:cobblestone_stairs":18,"minecraft:paper":9,"minecraft:stone_bricks":2,"minecraft:apple":6,"minecraft:kelp":1,"minecraft:iron_ingot":163,"minecraft:stone_pickaxe":3,"minecraft:iron_ore":317,"minecraft:iron_sword":3,"minecraft:acacia_sapling":4,"minecraft:book":182,"minecraft:oak_slab":2,"minecraft:dandelion":2,"minecraft:gravel":115,"minecraft:blast_furnace":9,"minecraft:white_bed":2,"minecraft:gold_ore":96,"minecraft:spider_eye":5,"minecraft:leather_helmet":1,"minecraft:coal_ore":19,"minecraft:stone_axe":2,"minecraft:chainmail_leggings":1,"minecraft:iron_helmet":1,"minecraft:terracotta":2,"tombstone:magic_scroll":2,"minecraft:melon_seeds":2,"minecraft:coal":325,"minecraft:ender_pearl":1},"minecraft:mined":{"minecraft:white_bed":2,"minecraft:stone_pressure_plate":1,"minecraft:cobblestone_stairs":18,"minecraft:obsidian":4,"minecraft:granite":151,"minecraft:grass_block":53,"minecraft:yellow_carpet":2,"minecraft:oxeye_daisy":1,"minecraft:spawner":4,"minecraft:smooth_stone":3,"minecraft:iron_ore":191,"minecraft:fire":23,"minecraft:anvil":2,"minecraft:enchanting_table":2,"minecraft:orange_bed":2,"minecraft:sandstone_slab":5,"supplementaries:book_pile":2,"minecraft:melon_stem":2,"minecraft:smoker":1,"minecraft:torch":20,"minecraft:blast_furnace":9,"minecraft:poppy":3,"minecraft:dead_bush":24,"minecraft:cobblestone":18,"minecraft:cyan_bed":12,"minecraft:oak_planks":170,"minecraft:wall_torch":15,"minecraft:wheat":339,"minecraft:smooth_stone_slab":12,"minecraft:grass":47,"minecraft:oak_log":10,"minecraft:acacia_fence":4,"minecraft:sand":31,"minecraft:dirt":119,"minecraft:oak_leaves":21,"minecraft:diamond_ore":56,"minecraft:oak_door":1,"minecraft:kelp":1,"minecraft:sandstone":8,"minecraft:hay_block":241,"minecraft:redstone_ore":27,"minecraft:furnace":7,"minecraft:andesite":172,"minecraft:bookshelf":22,"minecraft:cobblestone_slab":6,"minecraft:vine":1,"minecraft:stripped_oak_log":1,"minecraft:stone":3183,"minecraft:acacia_leaves":1,"minecraft:stone_brick_slab":1,"minecraft:dandelion":1,"minecraft:crafting_table":54,"minecraft:cornflower":1,"minecraft:lectern":24,"minecraft:tall_grass":13,"minecraft:lapis_ore":17,"minecraft:diorite":147,"minecraft:red_terracotta":1,"minecraft:coarse_dirt":1,"minecraft:ice":2,"minecraft:yellow_bed":3,"minecraft:coal_ore":174,"minecraft:gravel":51,"minecraft:cobweb":18,"minecraft:brown_terracotta":2,"minecraft:terracotta":2,"minecraft:acacia_planks":5,"minecraft:stone_bricks":2,"minecraft:gold_ore":15,"paraglider:goddess_statue":5},"minecraft:dropped":{"minecraft:gold_ore":20,"minecraft:iron_sword":2,"minecraft:lapis_lazuli":164,"minecraft:diamond":14,"minecraft:sandstone_stairs":10,"minecraft:crossbow":1,"minecraft:sandstone_slab":2,"minecraft:lantern":1,"minecraft:leather":4,"minecraft:rail":1,"paraglider:spirit_orb":4,"minecraft:flint":11,"minecraft:item_frame":2,"minecraft:emerald":10,"minecraft:gold_block":2,"minecraft:dirt":86,"minecraft:cornflower":1,"minecraft:mutton":2,"minecraft:gold_nugget":4,"minecraft:gilded_blackstone":4,"minecraft:sand":18,"minecraft:white_wool":2,"minecraft:armor_stand":2,"minecraft:bone":6,"minecraft:gravel":90,"minecraft:stone_axe":4,"minecraft:iron_nugget":4,"minecraft:wheat":6,"artifacts:villager_hat":1,"minecraft:rotten_flesh":18,"minecraft:oak_planks":18,"mining_helmet:mining_helmet":3,"minecraft:azure_bluet":1,"sophisticatedbackpacks:diamond_backpack":1,"minecraft:chainmail_chestplate":2,"minecraft:coal_ore":3,"minecraft:leather_boots":1,"minecraft:acacia_sapling":4,"minecraft:chainmail_boots":1,"minecraft:leather_leggings":1,"minecraft:iron_ore":8,"minecraft:arrow":10,"minecraft:beef":33,"minecraft:acacia_fence":13,"minecraft:enchanted_book":7,"minecraft:water_bucket":2,"minecraft:stone_hoe":1,"minecraft:iron_ingot":52,"minecraft:bread":9,"minecraft:oak_slab":4,"minecraft:wheat_seeds":599,"minecraft:bookshelf":8,"minecraft:iron_helmet":2,"minecraft:cobblestone":1289,"minecraft:book":121,"minecraft:apple":2,"minecraft:granite":114,"minecraft:chainmail_helmet":1,"minecraft:yellow_carpet":2,"minecraft:oxeye_daisy":1,"minecraft:diorite":111,"minecraft:lapis_ore":4,"minecraft:diamond_helmet":1,"tombstone:grave_dust":4,"minecraft:iron_leggings":3,"minecraft:red_dye":1,"minecraft:smooth_stone":2,"minecraft:orange_bed":1,"minecraft:chainmail_leggings":1,"minecraft:paper":9,"minecraft:string":27,"minecraft:acacia_planks":64,"minecraft:dandelion":2,"minecraft:redstone":56,"minecraft:furnace":1,"minecraft:kelp":1,"minecraft:player_head":2,"minecraft:smooth_stone_slab":11,"minecraft:iron_boots":2,"minecraft:iron_hoe":1,"sophisticatedbackpacks:backpack":1,"minecraft:shears":1,"minecraft:diamond_sword":3,"minecraft:stone":10,"minecraft:shield":2,"minecraft:iron_chestplate":1,"minecraft:diamond_pickaxe":1,"minecraft:andesite":139,"minecraft:oak_sapling":45,"minecraft:golden_sword":1,"minecraft:spider_eye":5,"minecraft:sandstone":4,"minecraft:stone_pickaxe":5},"minecraft:custom":{"minecraft:interact_with_crafting_table":119,"minecraft:open_barrel":11,"minecraft:leave_game":2,"minecraft:time_since_death":37830,"minecraft:sprint_one_cm":811103,"minecraft:damage_blocked_by_shield":3670,"minecraft:drop":289,"minecraft:talked_to_villager":62,"minecraft:deaths":32,"minecraft:jump":3939,"minecraft:walk_on_water_one_cm":85357,"minecraft:interact_with_furnace":37,"minecraft:play_one_minute":424424,"minecraft:sleep_in_bed":10,"minecraft:damage_dealt":16641,"minecraft:crouch_one_cm":66238,"tombstone:undead_killed":27,"tombstone:villager_killed":6,"minecraft:mob_kills":84,"minecraft:interact_with_anvil":12,"minecraft:damage_dealt_resisted":4715,"minecraft:climb_one_cm":4849,"minecraft:walk_one_cm":875935,"minecraft:sneak_time":24147,"minecraft:walk_under_water_one_cm":31962,"minecraft:boat_one_cm":778343,"minecraft:interact_with_blast_furnace":41,"tombstone:raider_killed":1,"minecraft:time_since_rest":7895,"minecraft:damage_taken":15423,"minecraft:swim_one_cm":13166,"minecraft:fly_one_cm":753658,"minecraft:open_chest":99,"minecraft:fall_one_cm":107588},"minecraft:used":{"minecraft:iron_shovel":40,"minecraft:chest":1,"minecraft:shield":65,"minecraft:iron_sword":64,"paraglider:goddess_statue":4,"minecraft:lava_bucket":5,"minecraft:stone_bricks":2,"carryon:tile_item":5,"minecraft:furnace":6,"minecraft:diorite":1,"minecraft:stone_pickaxe":37,"minecraft:oak_planks":454,"minecraft:cactus":1,"minecraft:wooden_pickaxe":36,"minecraft:white_wool":1,"minecraft:sand":1,"minecraft:blast_furnace":22,"minecraft:bread":136,"minecraft:cyan_bed":11,"minecraft:lectern":25,"minecraft:red_terracotta":1,"minecraft:diamond_sword":255,"minecraft:oak_boat":6,"minecraft:coarse_dirt":1,"minecraft:trident":2,"minecraft:enchanting_table":5,"minecraft:flint_and_steel":24,"minecraft:stone_hoe":390,"minecraft:oak_door":1,"minecraft:orange_bed":2,"minecraft:torch":143,"minecraft:dirt":70,"minecraft:anvil":3,"minecraft:iron_hoe":165,"minecraft:brown_terracotta":2,"minecraft:wooden_axe":11,"minecraft:bookshelf":21,"minecraft:iron_axe":326,"carryon:entity_item":1,"minecraft:acacia_planks":47,"minecraft:acacia_boat":1,"minecraft:water_bucket":45,"minecraft:iron_ore":2,"minecraft:cobblestone_stairs":18,"minecraft:sandstone_stairs":4,"minecraft:cobblestone_slab":6,"minecraft:terracotta":2,"minecraft:crafting_table":62,"minecraft:red_bed":2,"minecraft:diamond_pickaxe":144,"minecraft:cornflower":1,"minecraft:iron_pickaxe":4213,"tombstone:magic_scroll":1,"minecraft:stone_axe":76,"minecraft:fishing_rod":11,"minecraft:cobblestone":544,"minecraft:bucket":50,"minecraft:sandstone_slab":1,"minecraft:yellow_bed":2},"minecraft:killed":{"guardvillagers:guard":3,"minecraft:cave_spider":7,"minecraft:spider":13,"minecraft:skeleton":9,"artifacts:mimic":1,"minecraft:iron_golem":2,"minecraft:sheep":1,"minecraft:zombie":14,"minecraft:cow":14,"minecraft:evoker":1,"minecraft:vex":1,"minecraft:horse":2,"minecraft:drowned":4,"minecraft:bat":1,"minecraft:villager":6},"minecraft:killed_by":{"minecraft:evoker":4,"minecraft:wither_skeleton":1,"minecraft:creeper":2,"minecraft:drowned":5,"minecraft:cave_spider":6,"minecraft:vex":6,"minecraft:iron_golem":2,"minecraft:rabbit":1,"minecraft:guardian":3,"guardvillagers:guard":1},"minecraft:crafted":{"minecraft:smooth_stone":39,"minecraft:oak_planks":608,"minecraft:cobblestone_slab":6,"minecraft:cobblestone_stairs":24,"minecraft:stone":43,"minecraft:bookshelf":22,"minecraft:diamond_helmet":1,"minecraft:diamond_leggings":1,"minecraft:iron_boots":1,"minecraft:chest":2,"minecraft:stone_hoe":2,"minecraft:oak_slab":6,"sophisticatedbackpacks:backpack":2,"minecraft:crafting_table":5,"minecraft:wooden_pickaxe":1,"minecraft:iron_helmet":1,"minecraft:lectern":1,"minecraft:iron_chestplate":1,"mining_helmet:mining_helmet":2,"minecraft:diamond_pickaxe":2,"minecraft:shield":2,"sophisticatedbackpacks:diamond_backpack":2,"minecraft:stick":56,"minecraft:iron_ingot":164,"minecraft:iron_pickaxe":13,"minecraft:iron_block":4,"minecraft:gold_ingot":18,"minecraft:iron_nugget":18,"minecraft:furnace":13,"minecraft:blast_furnace":13,"minecraft:flint_and_steel":1,"minecraft:lantern":2,"minecraft:iron_axe":2,"minecraft:iron_hoe":1,"minecraft:stone_pickaxe":2,"minecraft:diamond_boots":1,"minecraft:wheat":2073,"sophisticatedbackpacks:iron_backpack":2,"minecraft:red_dye":3,"minecraft:diamond_sword":2,"minecraft:enchanting_table":1,"minecraft:red_bed":2,"sophisticatedbackpacks:gold_backpack":2,"minecraft:stone_axe":2,"minecraft:acacia_boat":1,"minecraft:bread":818,"minecraft:air":0,"minecraft:oak_boat":2,"minecraft:golden_apple":2,"minecraft:wooden_axe":1,"minecraft:iron_shovel":1,"minecraft:iron_leggings":1,"minecraft:anvil":1,"minecraft:acacia_planks":128,"minecraft:torch":136,"minecraft:diamond_chestplate":1}},"DataVersion":2586}