{"stats":{"minecraft:used":{"minecraft:iron_shovel":50,"minecraft:chest":1,"minecraft:shield":90,"minecraft:iron_sword":64,"paraglider:goddess_statue":4,"minecraft:lava_bucket":6,"minecraft:stone_bricks":2,"carryon:tile_item":5,"minecraft:furnace":7,"minecraft:diorite":1,"minecraft:stone_pickaxe":37,"minecraft:oak_planks":489,"minecraft:cactus":1,"minecraft:wooden_pickaxe":36,"minecraft:white_wool":1,"minecraft:sand":1,"minecraft:blast_furnace":22,"minecraft:crossbow":1,"minecraft:bread":142,"minecraft:cyan_bed":16,"minecraft:lectern":30,"minecraft:red_terracotta":1,"minecraft:diamond_sword":315,"minecraft:oak_boat":13,"minecraft:coarse_dirt":1,"minecraft:trident":2,"minecraft:enchanting_table":5,"minecraft:flint_and_steel":24,"minecraft:stone_hoe":390,"minecraft:oak_door":1,"minecraft:orange_bed":2,"minecraft:torch":148,"minecraft:dirt":91,"minecraft:anvil":3,"minecraft:iron_hoe":165,"minecraft:brown_terracotta":2,"minecraft:wooden_axe":11,"minecraft:bookshelf":21,"minecraft:iron_axe":349,"carryon:entity_item":1,"minecraft:acacia_planks":47,"minecraft:acacia_boat":1,"minecraft:water_bucket":48,"minecraft:iron_ore":2,"minecraft:cobblestone_stairs":18,"minecraft:sandstone_stairs":4,"minecraft:cobblestone_slab":6,"minecraft:terracotta":2,"minecraft:crafting_table":65,"minecraft:red_bed":4,"minecraft:cornflower":1,"minecraft:diamond_pickaxe":144,"minecraft:iron_pickaxe":4221,"tombstone:magic_scroll":1,"minecraft:stone_axe":76,"minecraft:fishing_rod":16,"minecraft:cobblestone":549,"minecraft:bucket":54,"minecraft:sandstone_slab":1,"minecraft:yellow_bed":2},"minecraft:crafted":{"minecraft:smooth_stone":39,"minecraft:oak_planks":608,"minecraft:cobblestone_slab":6,"minecraft:stone":43,"minecraft:cobblestone_stairs":24,"minecraft:bookshelf":24,"minecraft:diamond_helmet":1,"minecraft:diamond_leggings":1,"minecraft:iron_boots":1,"minecraft:chest":2,"minecraft:stone_hoe":2,"minecraft:oak_slab":18,"sophisticatedbackpacks:backpack":2,"minecraft:crafting_table":5,"minecraft:wooden_pickaxe":1,"minecraft:iron_helmet":1,"minecraft:lectern":3,"minecraft:iron_chestplate":1,"mining_helmet:mining_helmet":2,"minecraft:diamond_pickaxe":2,"minecraft:shield":2,"sophisticatedbackpacks:diamond_backpack":2,"minecraft:stick":56,"minecraft:iron_ingot":164,"minecraft:iron_pickaxe":13,"minecraft:iron_block":4,"minecraft:gold_ingot":18,"minecraft:iron_nugget":18,"minecraft:furnace":14,"minecraft:blast_furnace":13,"minecraft:flint_and_steel":1,"minecraft:lantern":2,"minecraft:iron_axe":3,"minecraft:iron_hoe":1,"minecraft:stone_pickaxe":2,"minecraft:diamond_boots":1,"minecraft:wheat":2073,"sophisticatedbackpacks:iron_backpack":2,"minecraft:red_dye":4,"minecraft:diamond_sword":2,"minecraft:enchanting_table":1,"minecraft:red_bed":3,"sophisticatedbackpacks:gold_backpack":2,"minecraft:stone_axe":2,"minecraft:acacia_boat":1,"minecraft:bread":818,"minecraft:air":0,"minecraft:oak_boat":2,"minecraft:golden_apple":2,"minecraft:wooden_axe":1,"minecraft:iron_shovel":1,"minecraft:iron_leggings":1,"minecraft:anvil":1,"minecraft:acacia_planks":128,"minecraft:torch":136,"minecraft:diamond_chestplate":1},"minecraft:killed_by":{"minecraft:evoker":4,"minecraft:wither_skeleton":1,"minecraft:creeper":2,"minecraft:drowned":5,"minecraft:cave_spider":6,"minecraft:vex":6,"minecraft:iron_golem":2,"minecraft:rabbit":1,"minecraft:guardian":3,"guardvillagers:guard":3},"minecraft:mined":{"minecraft:white_bed":3,"minecraft:stone_pressure_plate":1,"minecraft:cobblestone_stairs":18,"minecraft:obsidian":4,"minecraft:granite":151,"minecraft:grass_block":65,"minecraft:stone_brick_wall":2,"minecraft:yellow_carpet":2,"minecraft:oxeye_daisy":1,"minecraft:spawner":4,"minecraft:smooth_stone":3,"minecraft:iron_ore":191,"minecraft:fire":23,"minecraft:anvil":2,"minecraft:enchanting_table":2,"minecraft:orange_bed":2,"minecraft:sandstone_slab":5,"minecraft:red_bed":1,"supplementaries:book_pile":2,"minecraft:melon_stem":2,"minecraft:smoker":1,"minecraft:torch":20,"minecraft:blast_furnace":9,"minecraft:poppy":4,"minecraft:dead_bush":24,"minecraft:cobblestone":23,"minecraft:cyan_bed":16,"minecraft:oak_planks":179,"minecraft:wall_torch":17,"minecraft:wheat":339,"minecraft:smooth_stone_slab":12,"minecraft:grass":47,"minecraft:oak_log":10,"minecraft:acacia_fence":4,"minecraft:sand":31,"minecraft:dirt":119,"minecraft:oak_leaves":21,"minecraft:diamond_ore":56,"minecraft:oak_door":1,"minecraft:kelp":1,"minecraft:sandstone":8,"minecraft:hay_block":241,"minecraft:redstone_ore":27,"minecraft:furnace":7,"minecraft:andesite":172,"minecraft:bookshelf":30,"minecraft:cobblestone_slab":6,"minecraft:vine":1,"minecraft:stripped_oak_log":1,"minecraft:stone":3183,"minecraft:acacia_leaves":1,"minecraft:stone_brick_slab":1,"minecraft:dandelion":1,"minecraft:crafting_table":57,"minecraft:cornflower":1,"minecraft:lectern":27,"minecraft:tall_grass":14,"minecraft:lapis_ore":17,"minecraft:diorite":147,"minecraft:red_terracotta":1,"minecraft:coarse_dirt":1,"minecraft:ice":2,"minecraft:yellow_bed":3,"minecraft:coal_ore":174,"minecraft:gravel":51,"minecraft:cobweb":18,"minecraft:brown_terracotta":2,"minecraft:terracotta":2,"minecraft:acacia_planks":5,"minecraft:stone_bricks":2,"minecraft:gold_ore":15,"paraglider:goddess_statue":5},"minecraft:dropped":{"minecraft:gold_ore":20,"minecraft:iron_sword":4,"minecraft:lapis_lazuli":164,"minecraft:diamond":14,"minecraft:sandstone_stairs":10,"minecraft:crossbow":2,"minecraft:sandstone_slab":2,"minecraft:lantern":1,"minecraft:leather":4,"minecraft:rail":1,"minecraft:leather_helmet":2,"minecraft:flint":11,"minecraft:emerald":10,"paraglider:spirit_orb":4,"minecraft:item_frame":2,"minecraft:cobblestone_stairs":24,"minecraft:gold_block":2,"minecraft:dirt":95,"minecraft:cornflower":1,"minecraft:mutton":2,"minecraft:gold_nugget":4,"minecraft:gilded_blackstone":4,"minecraft:sand":18,"minecraft:fishing_rod":1,"minecraft:white_wool":2,"minecraft:armor_stand":2,"minecraft:bone":11,"minecraft:gravel":90,"minecraft:stone_axe":4,"minecraft:iron_nugget":4,"minecraft:wheat":6,"minecraft:rotten_flesh":18,"artifacts:villager_hat":1,"minecraft:oak_planks":18,"mining_helmet:mining_helmet":3,"minecraft:azure_bluet":1,"sophisticatedbackpacks:diamond_backpack":1,"minecraft:chainmail_chestplate":2,"minecraft:trident":1,"minecraft:coal_ore":3,"minecraft:leather_boots":3,"minecraft:acacia_sapling":4,"minecraft:chainmail_boots":1,"minecraft:leather_leggings":1,"minecraft:iron_ore":8,"minecraft:arrow":10,"minecraft:beef":33,"minecraft:acacia_fence":13,"minecraft:egg":1,"minecraft:water_bucket":2,"minecraft:stone_hoe":1,"minecraft:enchanted_book":7,"minecraft:bread":9,"minecraft:iron_ingot":52,"minecraft:oak_slab":8,"minecraft:wheat_seeds":600,"minecraft:bookshelf":8,"minecraft:iron_helmet":2,"minecraft:cobblestone":1292,"minecraft:book":121,"minecraft:apple":2,"minecraft:granite":114,"minecraft:chainmail_helmet":1,"minecraft:yellow_carpet":2,"minecraft:oxeye_daisy":2,"minecraft:diorite":111,"minecraft:lapis_ore":4,"minecraft:diamond_helmet":1,"tombstone:grave_dust":5,"minecraft:iron_leggings":3,"minecraft:red_dye":1,"minecraft:smooth_stone":2,"minecraft:orange_bed":1,"minecraft:chainmail_leggings":1,"minecraft:paper":9,"minecraft:string":27,"minecraft:acacia_planks":64,"minecraft:dandelion":2,"minecraft:redstone":56,"minecraft:furnace":1,"minecraft:kelp":1,"minecraft:player_head":2,"minecraft:smooth_stone_slab":11,"minecraft:iron_boots":2,"minecraft:iron_hoe":2,"sophisticatedbackpacks:backpack":1,"minecraft:shears":1,"minecraft:diamond_sword":3,"minecraft:cobblestone_slab":6,"minecraft:stone":10,"minecraft:shield":5,"minecraft:iron_chestplate":1,"minecraft:diamond_pickaxe":1,"minecraft:andesite":139,"minecraft:yellow_bed":1,"minecraft:oak_sapling":45,"minecraft:golden_sword":1,"minecraft:spider_eye":5,"minecraft:sandstone":4,"minecraft:bow":1,"minecraft:stone_pickaxe":5},"minecraft:custom":{"minecraft:interact_with_crafting_table":124,"minecraft:open_barrel":11,"minecraft:leave_game":9,"minecraft:time_since_death":47297,"minecraft:sprint_one_cm":908472,"minecraft:damage_blocked_by_shield":4540,"minecraft:drop":315,"minecraft:talked_to_villager":88,"minecraft:deaths":34,"minecraft:jump":4322,"minecraft:walk_on_water_one_cm":87390,"minecraft:interact_with_furnace":38,"minecraft:play_one_minute":491958,"minecraft:sleep_in_bed":13,"minecraft:damage_dealt":20348,"minecraft:crouch_one_cm":66578,"tombstone:undead_killed":32,"tombstone:villager_killed":11,"minecraft:interact_with_anvil":12,"minecraft:mob_kills":101,"minecraft:damage_dealt_resisted":4715,"minecraft:climb_one_cm":5354,"minecraft:walk_one_cm":958404,"minecraft:sneak_time":24231,"minecraft:walk_under_water_one_cm":31962,"minecraft:boat_one_cm":943376,"minecraft:interact_with_blast_furnace":41,"tombstone:raider_killed":1,"minecraft:time_since_rest":22852,"minecraft:damage_taken":16282,"minecraft:swim_one_cm":13166,"minecraft:fly_one_cm":873842,"minecraft:open_chest":99,"minecraft:fall_one_cm":111743},"minecraft:killed":{"guardvillagers:guard":7,"minecraft:cave_spider":7,"minecraft:spider":15,"minecraft:skeleton":13,"artifacts:mimic":1,"minecraft:iron_golem":3,"minecraft:sheep":1,"minecraft:zombie":15,"minecraft:cow":14,"minecraft:evoker":1,"minecraft:vex":1,"minecraft:horse":2,"minecraft:drowned":4,"minecraft:bat":1,"minecraft:villager":11},"minecraft:broken":{"mining_helmet:mining_helmet":1,"minecraft:wooden_axe":1,"minecraft:leather_helmet":1,"minecraft:leather_chestplate":1,"minecraft:stone_hoe":1,"minecraft:shield":1,"minecraft:iron_axe":2,"minecraft:iron_pickaxe":17},"minecraft:picked_up":{"minecraft:wheat":340,"minecraft:chainmail_boots":1,"minecraft:anvil":2,"minecraft:diamond_sword":3,"minecraft:enchanted_book":12,"minecraft:golden_sword":1,"paraglider:goddess_statue":5,"minecraft:string":32,"minecraft:smooth_stone_slab":11,"minecraft:iron_leggings":2,"minecraft:armor_stand":2,"minecraft:gold_nugget":4,"minecraft:smooth_stone":2,"minecraft:cobblestone_slab":6,"minecraft:iron_pickaxe":6,"minecraft:furnace":7,"minecraft:iron_boots":1,"minecraft:stick":120,"minecraft:acacia_fence":14,"minecraft:brown_terracotta":2,"minecraft:torch":49,"minecraft:acacia_log":32,"tombstone:grave_dust":5,"minecraft:diorite":113,"minecraft:orange_bed":3,"minecraft:cactus":1,"minecraft:rotten_flesh":18,"minecraft:bookshelf":8,"minecraft:obsidian":4,"minecraft:cobblestone":2346,"minecraft:enchanting_table":4,"minecraft:leather_chestplate":1,"minecraft:water_bucket":1,"minecraft:andesite":140,"minecraft:smoker":1,"paraglider:spirit_orb":9,"minecraft:flint":12,"minecraft:lapis_lazuli":281,"minecraft:dirt":186,"minecraft:lantern":1,"minecraft:name_tag":3,"minecraft:leather_boots":3,"minecraft:bone":11,"minecraft:acacia_planks":78,"minecraft:bow":1,"minecraft:wheat_seeds":1025,"minecraft:diamond_helmet":1,"minecraft:oak_planks":175,"minecraft:sand":19,"minecraft:cyan_bed":16,"minecraft:red_terracotta":1,"mining_helmet:mining_helmet":2,"minecraft:iron_hoe":2,"minecraft:yellow_carpet":2,"minecraft:diamond":105,"minecraft:crossbow":2,"minecraft:granite":116,"minecraft:golden_apple":4,"minecraft:chainmail_helmet":1,"minecraft:emerald":8,"minecraft:oak_sapling":45,"minecraft:crafting_table":62,"minecraft:coarse_dirt":1,"minecraft:sandstone_slab":3,"minecraft:azure_bluet":1,"minecraft:turtle_helmet":1,"minecraft:leather_leggings":1,"minecraft:gold_block":4,"minecraft:shield":5,"minecraft:cornflower":2,"minecraft:red_bed":1,"minecraft:flint_and_steel":1,"minecraft:item_frame":2,"minecraft:beef":33,"minecraft:oak_boat":12,"minecraft:player_head":2,"minecraft:iron_nugget":2,"minecraft:poppy":4,"minecraft:lectern":27,"minecraft:chest":1,"minecraft:sugar_cane":3,"minecraft:egg":1,"minecraft:sandstone":5,"minecraft:stone":13,"minecraft:oak_door":1,"sophisticatedbackpacks:backpack":1,"minecraft:trident":1,"minecraft:redstone":138,"minecraft:stone_pressure_plate":1,"minecraft:arrow":12,"minecraft:hay_block":244,"minecraft:sandstone_stairs":14,"minecraft:totem_of_undying":1,"minecraft:gold_ingot":38,"minecraft:mutton":2,"minecraft:rail":1,"minecraft:white_wool":3,"minecraft:oxeye_daisy":2,"minecraft:lapis_ore":4,"minecraft:leather":16,"minecraft:oak_log":178,"minecraft:chainmail_chestplate":1,"minecraft:yellow_bed":3,"minecraft:cobblestone_stairs":18,"minecraft:paper":9,"minecraft:apple":6,"minecraft:stone_bricks":2,"minecraft:kelp":1,"minecraft:iron_ingot":167,"minecraft:stone_pickaxe":3,"minecraft:iron_ore":317,"minecraft:iron_sword":4,"minecraft:acacia_sapling":4,"minecraft:book":206,"minecraft:oak_slab":2,"minecraft:dandelion":2,"minecraft:gravel":115,"minecraft:blast_furnace":9,"minecraft:white_bed":3,"minecraft:gold_ore":96,"minecraft:spider_eye":6,"minecraft:leather_helmet":3,"minecraft:coal_ore":19,"minecraft:stone_axe":2,"minecraft:chainmail_leggings":1,"minecraft:iron_helmet":1,"minecraft:terracotta":2,"tombstone:magic_scroll":2,"minecraft:melon_seeds":2,"minecraft:coal":325,"minecraft:ender_pearl":1}},"DataVersion":2586}