{"stats":{"minecraft:custom":{"minecraft:interact_with_crafting_table":220,"minecraft:open_barrel":11,"minecraft:leave_game":18,"minecraft:time_since_death":79684,"minecraft:sprint_one_cm":1983420,"minecraft:damage_blocked_by_shield":6160,"minecraft:drop":653,"minecraft:talked_to_villager":514,"minecraft:deaths":45,"minecraft:jump":8536,"minecraft:interact_with_brewingstand":30,"minecraft:walk_on_water_one_cm":133030,"minecraft:interact_with_furnace":65,"minecraft:traded_with_villager":386,"minecraft:play_one_minute":1093551,"minecraft:sleep_in_bed":39,"minecraft:damage_dealt":38931,"minecraft:crouch_one_cm":101556,"tombstone:undead_killed":40,"tombstone:villager_killed":14,"minecraft:interact_with_smoker":1,"minecraft:interact_with_smithing_table":1,"minecraft:interact_with_anvil":27,"minecraft:mob_kills":167,"minecraft:inspect_hopper":3,"minecraft:damage_dealt_resisted":5769,"minecraft:climb_one_cm":47865,"minecraft:walk_one_cm":2359637,"minecraft:damage_dealt_absorbed":80,"minecraft:sneak_time":35800,"minecraft:walk_under_water_one_cm":35713,"minecraft:boat_one_cm":1423345,"minecraft:interact_with_blast_furnace":55,"tombstone:raider_killed":4,"minecraft:time_since_rest":29754,"minecraft:damage_absorbed":80,"minecraft:damage_taken":24643,"minecraft:swim_one_cm":36102,"minecraft:fly_one_cm":1919138,"minecraft:open_chest":115,"minecraft:fall_one_cm":212826},"minecraft:picked_up":{"minecraft:wheat":340,"minecraft:chainmail_boots":3,"minecraft:nether_brick_fence":2,"minecraft:anvil":5,"minecraft:lead":2,"minecraft:diamond_sword":3,"minecraft:smithing_table":29,"minecraft:enchanted_book":16,"minecraft:potion":3,"minecraft:brewing_stand":6,"minecraft:golden_sword":1,"paraglider:goddess_statue":2,"minecraft:string":41,"minecraft:smooth_stone_slab":11,"minecraft:iron_leggings":2,"minecraft:armor_stand":2,"minecraft:oak_sign":2,"minecraft:gold_nugget":8,"minecraft:smooth_stone":2,"minecraft:bucket":1,"minecraft:spruce_planks":6,"minecraft:redstone_torch":2,"minecraft:cobblestone_slab":6,"minecraft:iron_pickaxe":7,"minecraft:iron_boots":1,"minecraft:furnace":13,"minecraft:stick":216,"minecraft:acacia_fence":14,"minecraft:brown_terracotta":2,"minecraft:oak_fence":40,"minecraft:torch":80,"minecraft:acacia_log":32,"tombstone:grave_dust":6,"minecraft:diorite":219,"minecraft:orange_bed":3,"minecraft:cactus":1,"minecraft:rotten_flesh":20,"minecraft:bookshelf":8,"minecraft:blaze_rod":9,"minecraft:obsidian":13,"minecraft:blaze_powder":16,"minecraft:cobblestone":3325,"minecraft:birch_log":21,"minecraft:enchanting_table":4,"minecraft:leather_chestplate":1,"minecraft:magma_cream":9,"minecraft:water_bucket":1,"minecraft:andesite":371,"minecraft:smoker":6,"paraglider:spirit_orb":1,"minecraft:flint":12,"minecraft:lapis_lazuli":572,"minecraft:dirt":752,"minecraft:lantern":19,"minecraft:name_tag":3,"minecraft:leather_boots":3,"minecraft:bone":14,"minecraft:acacia_planks":78,"minecraft:bow":1,"minecraft:wheat_seeds":1081,"minecraft:diamond_helmet":1,"minecraft:oak_planks":422,"minecraft:sand":96,"minecraft:ink_sac":2,"minecraft:lily_of_the_valley":1,"minecraft:red_terracotta":1,"minecraft:cyan_bed":33,"minecraft:dark_oak_log":109,"minecraft:iron_hoe":2,"minecraft:yellow_carpet":2,"minecraft:diamond":105,"minecraft:cracked_polished_blackstone_bricks":2,"minecraft:crossbow":3,"minecraft:granite":148,"minecraft:golden_apple":10,"minecraft:chainmail_helmet":1,"minecraft:emerald":868,"minecraft:bread":1088,"minecraft:oak_sapling":85,"minecraft:netherrack":202,"minecraft:diamond_pickaxe":1,"minecraft:crafting_table":84,"minecraft:coarse_dirt":1,"minecraft:sandstone_slab":3,"minecraft:azure_bluet":1,"minecraft:ladder":4,"minecraft:turtle_helmet":1,"minecraft:leather_leggings":1,"minecraft:brown_mushroom":17,"minecraft:gold_block":4,"minecraft:shield":8,"minecraft:cornflower":2,"minecraft:oak_trapdoor":4,"minecraft:red_bed":8,"minecraft:flint_and_steel":1,"minecraft:item_frame":2,"minecraft:beef":35,"minecraft:oak_boat":58,"minecraft:player_head":2,"minecraft:observer":3,"minecraft:iron_nugget":10,"minecraft:poppy":9,"minecraft:spruce_slab":1,"minecraft:lectern":136,"minecraft:sugar_cane":812,"minecraft:chest":5,"minecraft:birch_sapling":4,"minecraft:spruce_trapdoor":6,"minecraft:piston":2,"minecraft:egg":2,"minecraft:dark_oak_sapling":6,"minecraft:sandstone":5,"minecraft:stone":23,"minecraft:oak_door":4,"sophisticatedbackpacks:backpack":1,"minecraft:fire_charge":1,"minecraft:trident":1,"minecraft:redstone":308,"minecraft:stone_pressure_plate":1,"artifacts:everlasting_beef":1,"minecraft:arrow":20,"minecraft:peony":6,"minecraft:nether_bricks":2,"minecraft:hay_block":244,"minecraft:sandstone_stairs":14,"minecraft:gold_ingot":38,"minecraft:totem_of_undying":1,"minecraft:mutton":2,"minecraft:rail":1,"minecraft:white_wool":3,"minecraft:oxeye_daisy":2,"minecraft:lapis_ore":4,"minecraft:leather":23,"minecraft:oak_log":285,"minecraft:chainmail_chestplate":1,"minecraft:ancient_debris":1,"minecraft:yellow_bed":8,"minecraft:gunpowder":6,"minecraft:cobblestone_stairs":18,"minecraft:paper":9,"minecraft:red_carpet":1,"minecraft:apple":15,"minecraft:stone_bricks":2,"minecraft:kelp":1,"minecraft:iron_ingot":440,"minecraft:stone_pickaxe":3,"minecraft:iron_ore":570,"minecraft:iron_sword":5,"minecraft:acacia_sapling":4,"sophisticatedbackpacks:diamond_backpack":2,"minecraft:book":448,"minecraft:oak_slab":3,"minecraft:quartz":22,"minecraft:dandelion":2,"minecraft:gravel":115,"minecraft:spruce_sapling":5,"minecraft:blast_furnace":18,"minecraft:white_bed":3,"minecraft:spruce_log":17,"minecraft:gold_ore":144,"minecraft:crying_obsidian":2,"minecraft:spider_eye":9,"minecraft:leather_helmet":3,"minecraft:coal_ore":19,"minecraft:stone_axe":2,"minecraft:chainmail_leggings":1,"minecraft:iron_helmet":1,"minecraft:terracotta":2,"tombstone:magic_scroll":3,"minecraft:melon_seeds":2,"minecraft:coal":533,"minecraft:hopper":2,"minecraft:ender_pearl":1},"minecraft:mined":{"minecraft:spruce_planks":5,"connectedglass:borderless_glass":4,"minecraft:white_bed":3,"minecraft:stone_pressure_plate":1,"minecraft:cobblestone_stairs":18,"minecraft:brewing_stand":6,"minecraft:obsidian":13,"minecraft:spruce_trapdoor":5,"minecraft:granite":184,"minecraft:stone_brick_wall":2,"minecraft:grass_block":327,"minecraft:yellow_carpet":2,"minecraft:cracked_polished_blackstone_bricks":1,"minecraft:hopper":2,"minecraft:oxeye_daisy":1,"minecraft:oak_wall_sign":2,"minecraft:spawner":4,"minecraft:smooth_stone":3,"minecraft:tall_seagrass":1,"minecraft:iron_ore":199,"minecraft:fire":31,"minecraft:anvil":5,"minecraft:enchanting_table":2,"minecraft:spruce_slab":1,"minecraft:orange_bed":2,"minecraft:sandstone_slab":5,"minecraft:brown_mushroom":2,"minecraft:red_bed":7,"supplementaries:book_pile":2,"minecraft:melon_stem":2,"minecraft:smoker":5,"minecraft:torch":22,"minecraft:blast_furnace":19,"minecraft:poppy":4,"minecraft:chest":4,"minecraft:dead_bush":24,"minecraft:mushroom_stem":6,"minecraft:glass":20,"minecraft:nether_quartz_ore":5,"minecraft:cobblestone":300,"minecraft:oak_planks":386,"minecraft:cyan_bed":28,"minecraft:sugar_cane":140,"minecraft:wall_torch":37,"minecraft:birch_log":7,"minecraft:wheat":339,"minecraft:smooth_stone_slab":12,"minecraft:grass":165,"minecraft:oak_log":25,"minecraft:acacia_fence":4,"minecraft:sand":108,"minecraft:dirt":422,"minecraft:netherrack":119,"minecraft:piston":2,"minecraft:oak_leaves":46,"minecraft:crying_obsidian":3,"minecraft:diamond_ore":56,"minecraft:red_carpet":3,"minecraft:dark_oak_leaves":10,"minecraft:oak_door":4,"minecraft:dark_oak_log":3,"minecraft:nether_bricks":5,"minecraft:ladder":2,"minecraft:brown_mushroom_block":74,"minecraft:kelp":1,"minecraft:sandstone":8,"minecraft:hay_block":241,"minecraft:redstone_ore":27,"minecraft:oak_trapdoor":4,"minecraft:furnace":13,"minecraft:andesite":357,"minecraft:peony":3,"minecraft:nether_brick_fence":2,"minecraft:bookshelf":58,"minecraft:cobblestone_slab":6,"minecraft:vine":1,"minecraft:lantern":9,"minecraft:stripped_oak_log":1,"minecraft:stone":3923,"supplementaries:wall_lantern":2,"minecraft:redstone_wall_torch":1,"minecraft:smithing_table":29,"minecraft:oak_slab":1,"minecraft:acacia_leaves":1,"minecraft:stone_brick_slab":1,"minecraft:observer":3,"minecraft:dandelion":1,"minecraft:oak_fence":41,"minecraft:crafting_table":80,"minecraft:cornflower":1,"minecraft:lectern":134,"minecraft:tall_grass":22,"minecraft:lapis_ore":17,"minecraft:diorite":241,"minecraft:warped_wart_block":1,"minecraft:red_terracotta":1,"minecraft:coarse_dirt":1,"minecraft:redstone_torch":1,"minecraft:ice":2,"minecraft:birch_leaves":5,"minecraft:spruce_log":1,"minecraft:yellow_bed":6,"minecraft:coal_ore":288,"minecraft:gravel":51,"minecraft:cobweb":18,"minecraft:brown_terracotta":2,"minecraft:terracotta":2,"minecraft:acacia_planks":5,"minecraft:stone_bricks":2,"minecraft:gold_ore":15,"paraglider:goddess_statue":7},"minecraft:broken":{"minecraft:iron_shovel":1,"minecraft:wooden_axe":1,"minecraft:leather_helmet":1,"minecraft:leather_chestplate":1,"minecraft:stone_hoe":1,"minecraft:shield":1,"minecraft:iron_axe":5,"minecraft:iron_pickaxe":19},"minecraft:killed":{"minecraft:cave_spider":7,"minecraft:zombified_piglin":1,"minecraft:spider":23,"minecraft:skeleton":17,"minecraft:piglin_brute":2,"minecraft:iron_golem":6,"minecraft:creeper":10,"minecraft:sheep":1,"minecraft:trader_llama":2,"minecraft:pillager":3,"minecraft:zombie":17,"minecraft:blaze":21,"minecraft:cow":16,"minecraft:evoker":1,"minecraft:vex":1,"minecraft:horse":2,"minecraft:drowned":4,"minecraft:bat":1,"minecraft:wandering_trader":1,"minecraft:wither_skeleton":1,"minecraft:villager":13},"minecraft:crafted":{"minecraft:smooth_stone":42,"minecraft:oak_planks":876,"minecraft:cobblestone_slab":6,"minecraft:oak_sign":3,"minecraft:blaze_powder":18,"minecraft:stone":46,"minecraft:cobblestone_stairs":24,"minecraft:lever":1,"minecraft:diamond_shovel":4,"minecraft:bookshelf":50,"connectedglass:borderless_glass":44,"minecraft:glass":161,"minecraft:hopper":1,"minecraft:diamond_helmet":5,"minecraft:diamond_leggings":5,"minecraft:iron_boots":1,"minecraft:chest":5,"minecraft:stone_hoe":14,"minecraft:oak_fence":24,"minecraft:golden_boots":2,"minecraft:glass_bottle":12,"minecraft:oak_slab":42,"minecraft:emerald":160,"minecraft:diamond_axe":1,"minecraft:crafting_table":7,"minecraft:spruce_planks":68,"minecraft:wooden_pickaxe":1,"minecraft:iron_helmet":11,"minecraft:spruce_door":3,"minecraft:smithing_table":1,"minecraft:spruce_trapdoor":16,"minecraft:lectern":7,"minecraft:iron_chestplate":25,"minecraft:paper":351,"minecraft:diamond_pickaxe":3,"minecraft:shield":7,"minecraft:stick":56,"minecraft:iron_pickaxe":16,"minecraft:iron_ingot":169,"minecraft:compass":12,"minecraft:iron_block":7,"minecraft:gold_ingot":66,"minecraft:redstone_torch":1,"minecraft:oak_door":3,"minecraft:iron_nugget":117,"minecraft:diamond_hoe":3,"minecraft:furnace":17,"minecraft:blast_furnace":14,"minecraft:piston":15,"minecraft:bone_meal":6,"minecraft:oak_trapdoor":4,"minecraft:flint_and_steel":1,"minecraft:lantern":58,"minecraft:iron_axe":5,"minecraft:ladder":21,"minecraft:iron_hoe":1,"minecraft:stone_pickaxe":2,"minecraft:diamond_boots":5,"minecraft:dark_oak_planks":60,"minecraft:observer":11,"minecraft:wheat":2073,"minecraft:sugar":4,"paraglider:paraglider":1,"minecraft:red_dye":4,"minecraft:diamond_sword":3,"minecraft:enchanting_table":1,"minecraft:bell":12,"minecraft:red_bed":3,"minecraft:stone_axe":14,"minecraft:enchanted_book":25,"minecraft:acacia_boat":1,"minecraft:bread":818,"minecraft:air":0,"minecraft:oak_boat":8,"minecraft:golden_apple":12,"minecraft:chainmail_boots":12,"minecraft:fermented_spider_eye":4,"minecraft:wooden_axe":1,"minecraft:iron_shovel":6,"minecraft:iron_leggings":1,"minecraft:anvil":2,"minecraft:acacia_planks":128,"minecraft:torch":212,"minecraft:diamond_chestplate":5},"minecraft:killed_by":{"minecraft:evoker":4,"minecraft:wither_skeleton":1,"minecraft:creeper":6,"minecraft:drowned":5,"minecraft:cave_spider":6,"minecraft:blaze":1,"minecraft:vex":6,"minecraft:iron_golem":7,"minecraft:rabbit":1,"minecraft:guardian":3},"minecraft:used":{"minecraft:iron_shovel":461,"minecraft:oak_sign":3,"minecraft:ladder":16,"minecraft:chest":6,"minecraft:iron_sword":64,"minecraft:shield":138,"minecraft:stone":5,"minecraft:zombie_spawn_egg":2,"paraglider:goddess_statue":2,"minecraft:nether_bricks":1,"minecraft:obsidian":18,"minecraft:glass":20,"minecraft:lava_bucket":11,"minecraft:lantern":17,"minecraft:grass_block":228,"minecraft:stone_bricks":2,"minecraft:furnace":15,"minecraft:diorite":5,"minecraft:spruce_door":2,"minecraft:stone_pickaxe":37,"minecraft:oak_planks":692,"minecraft:cactus":1,"minecraft:wooden_pickaxe":36,"minecraft:sugar_cane":234,"minecraft:diamond_axe":147,"minecraft:golden_apple":2,"minecraft:white_wool":1,"minecraft:sand":28,"minecraft:blast_furnace":37,"minecraft:crossbow":1,"minecraft:redstone_torch":2,"minecraft:lever":1,"minecraft:bread":270,"minecraft:cyan_bed":41,"minecraft:lectern":143,"minecraft:red_terracotta":1,"minecraft:diamond_sword":640,"minecraft:smithing_table":30,"minecraft:coarse_dirt":1,"minecraft:andesite":45,"minecraft:oak_fence":41,"minecraft:oak_trapdoor":4,"minecraft:oak_boat":64,"minecraft:trident":2,"minecraft:enchanting_table":5,"minecraft:flint_and_steel":32,"minecraft:redstone":13,"minecraft:spruce_planks":56,"minecraft:stone_hoe":390,"minecraft:netherrack":60,"minecraft:oak_door":4,"minecraft:orange_bed":2,"minecraft:torch":213,"minecraft:brewing_stand":6,"minecraft:dirt":1083,"minecraft:anvil":7,"minecraft:hopper":3,"minecraft:iron_hoe":165,"minecraft:brown_terracotta":2,"minecraft:wooden_axe":11,"minecraft:bookshelf":31,"minecraft:iron_axe":837,"connectedglass:borderless_glass":44,"minecraft:observer":14,"minecraft:acacia_planks":47,"minecraft:acacia_boat":1,"minecraft:water_bucket":129,"minecraft:iron_ore":2,"minecraft:cobblestone_stairs":18,"minecraft:sandstone_stairs":4,"minecraft:glass_bottle":12,"minecraft:cobblestone_slab":6,"minecraft:terracotta":2,"minecraft:oak_slab":1,"minecraft:crafting_table":90,"minecraft:red_bed":11,"minecraft:smoker":5,"minecraft:oak_log":2,"minecraft:piston":17,"minecraft:cornflower":1,"minecraft:diamond_pickaxe":1175,"minecraft:diamond_shovel":168,"tombstone:magic_scroll":2,"minecraft:iron_pickaxe":4883,"minecraft:spruce_trapdoor":18,"minecraft:stone_axe":76,"minecraft:fishing_rod":16,"minecraft:cobblestone":1461,"minecraft:bucket":123,"minecraft:sandstone_slab":1,"minecraft:yellow_bed":7,"minecraft:splash_potion":10},"minecraft:dropped":{"minecraft:gold_ore":20,"minecraft:iron_sword":5,"minecraft:brown_mushroom":9,"minecraft:lapis_lazuli":455,"minecraft:diamond":66,"minecraft:dark_oak_sapling":6,"minecraft:sandstone_stairs":10,"minecraft:sandstone_slab":2,"minecraft:crossbow":3,"minecraft:lantern":27,"minecraft:leather":8,"minecraft:rail":1,"minecraft:leather_helmet":2,"minecraft:cobblestone_stairs":24,"minecraft:emerald":763,"paraglider:spirit_orb":27,"minecraft:red_carpet":1,"minecraft:item_frame":2,"minecraft:flint":11,"minecraft:gold_block":2,"minecraft:cracked_polished_blackstone_bricks":2,"minecraft:dirt":220,"minecraft:dark_oak_log":94,"minecraft:cornflower":1,"minecraft:mutton":2,"minecraft:gold_nugget":8,"minecraft:gilded_blackstone":4,"minecraft:bone_meal":6,"minecraft:sand":20,"minecraft:iron_pickaxe":3,"minecraft:dark_oak_planks":60,"minecraft:birch_log":21,"minecraft:fishing_rod":1,"minecraft:white_wool":2,"minecraft:bone":12,"minecraft:armor_stand":2,"minecraft:oak_door":3,"minecraft:gravel":90,"minecraft:stone_axe":16,"minecraft:compass":12,"minecraft:sugar_cane":562,"minecraft:iron_nugget":12,"minecraft:wheat":6,"minecraft:birch_sapling":4,"minecraft:rotten_flesh":21,"minecraft:oak_planks":72,"minecraft:diamond_shovel":3,"minecraft:nether_brick_fence":2,"minecraft:azure_bluet":1,"minecraft:carrot":320,"artifacts:everlasting_beef":1,"sophisticatedbackpacks:diamond_backpack":2,"minecraft:chainmail_chestplate":2,"minecraft:poppy":3,"minecraft:turtle_helmet":1,"minecraft:gunpowder":1,"minecraft:trident":1,"minecraft:coal_ore":3,"minecraft:leather_boots":3,"minecraft:chest":1,"minecraft:acacia_sapling":4,"minecraft:ladder":9,"minecraft:chainmail_boots":15,"minecraft:leather_leggings":1,"minecraft:spruce_slab":1,"minecraft:iron_ore":320,"minecraft:arrow":21,"minecraft:beef":33,"minecraft:acacia_fence":13,"minecraft:netherrack":142,"minecraft:lectern":2,"minecraft:enchanted_book":18,"minecraft:egg":2,"minecraft:stone_hoe":13,"minecraft:water_bucket":2,"minecraft:golden_boots":2,"minecraft:iron_ingot":314,"minecraft:bread":1097,"minecraft:oak_slab":8,"minecraft:wheat_seeds":657,"minecraft:bookshelf":20,"minecraft:diamond_leggings":4,"minecraft:oak_fence":23,"minecraft:book":249,"minecraft:iron_helmet":12,"minecraft:cobblestone":1293,"minecraft:lead":2,"minecraft:apple":2,"minecraft:granite":114,"minecraft:spruce_door":1,"minecraft:chainmail_helmet":1,"minecraft:grass_block":1,"minecraft:yellow_carpet":2,"minecraft:golden_apple":6,"minecraft:oxeye_daisy":2,"minecraft:diorite":154,"minecraft:brewing_stand":1,"minecraft:ink_sac":2,"minecraft:lapis_ore":4,"minecraft:diamond_helmet":5,"minecraft:fire_charge":1,"tombstone:grave_dust":6,"minecraft:iron_leggings":3,"minecraft:red_dye":1,"minecraft:smooth_stone":2,"minecraft:orange_bed":1,"minecraft:iron_shovel":5,"minecraft:chainmail_leggings":1,"minecraft:paper":88,"minecraft:string":36,"minecraft:acacia_planks":64,"minecraft:spruce_sapling":5,"minecraft:dandelion":2,"minecraft:redstone":215,"minecraft:furnace":1,"minecraft:kelp":1,"minecraft:oak_trapdoor":4,"minecraft:player_head":2,"minecraft:smooth_stone_slab":11,"minecraft:diamond_hoe":3,"minecraft:iron_boots":2,"minecraft:iron_hoe":3,"sophisticatedbackpacks:backpack":1,"minecraft:nether_bricks":2,"minecraft:oak_sign":2,"minecraft:shears":1,"minecraft:lily_of_the_valley":1,"minecraft:diamond_sword":3,"minecraft:cobblestone_slab":6,"minecraft:potato":192,"minecraft:stone":20,"minecraft:shield":13,"minecraft:diamond_chestplate":4,"minecraft:peony":6,"minecraft:spruce_trapdoor":5,"minecraft:spruce_planks":2,"minecraft:diamond_pickaxe":3,"minecraft:iron_chestplate":25,"minecraft:andesite":246,"minecraft:yellow_bed":1,"minecraft:oak_sapling":85,"minecraft:oak_boat":2,"minecraft:golden_sword":1,"minecraft:redstone_torch":1,"minecraft:spider_eye":6,"minecraft:diamond_boots":4,"minecraft:sandstone":4,"minecraft:bow":1,"minecraft:stone_pickaxe":5,"minecraft:bell":12,"minecraft:magma_cream":9,"minecraft:cyan_bed":1}},"DataVersion":2586}