{"stats":{"minecraft:used":{"minecraft:shield":17,"minecraft:iron_sword":64,"minecraft:stone_hoe":390,"minecraft:orange_bed":2,"minecraft:torch":91,"paraglider:goddess_statue":2,"minecraft:dirt":8,"minecraft:anvil":2,"minecraft:brown_terracotta":2,"minecraft:iron_hoe":13,"minecraft:lava_bucket":4,"minecraft:iron_axe":91,"minecraft:furnace":3,"minecraft:acacia_planks":47,"minecraft:acacia_boat":1,"minecraft:water_bucket":33,"minecraft:diorite":1,"minecraft:sandstone_stairs":4,"minecraft:oak_planks":136,"minecraft:stone_pickaxe":37,"minecraft:cactus":1,"minecraft:wooden_pickaxe":36,"minecraft:white_wool":1,"minecraft:terracotta":2,"minecraft:crafting_table":43,"minecraft:blast_furnace":7,"minecraft:diamond_pickaxe":97,"minecraft:bread":88,"minecraft:cyan_bed":6,"minecraft:iron_pickaxe":2033,"minecraft:red_terracotta":1,"minecraft:stone_axe":76,"minecraft:diamond_sword":130,"minecraft:cobblestone":404,"minecraft:bucket":36,"minecraft:sandstone_slab":1,"minecraft:coarse_dirt":1,"minecraft:enchanting_table":1},"minecraft:killed":{"guardvillagers:guard":1,"minecraft:evoker":1,"minecraft:vex":1,"minecraft:cave_spider":2,"minecraft:spider":12,"minecraft:horse":2,"minecraft:skeleton":5,"artifacts:mimic":1,"minecraft:iron_golem":2,"minecraft:sheep":1,"minecraft:zombie":3,"minecraft:cow":14},"minecraft:killed_by":{"minecraft:evoker":4,"minecraft:wither_skeleton":1,"minecraft:creeper":1,"minecraft:iron_golem":2,"minecraft:cave_spider":5,"minecraft:rabbit":1,"minecraft:guardian":2,"minecraft:vex":6},"minecraft:broken":{"minecraft:leather_chestplate":1,"minecraft:stone_hoe":1,"minecraft:iron_pickaxe":8},"minecraft:custom":{"minecraft:mob_kills":50,"minecraft:interact_with_crafting_table":60,"minecraft:open_barrel":11,"minecraft:damage_dealt_resisted":3980,"minecraft:leave_game":2,"minecraft:time_since_death":23300,"minecraft:climb_one_cm":4261,"minecraft:sprint_one_cm":532826,"minecraft:walk_one_cm":432990,"minecraft:damage_blocked_by_shield":795,"minecraft:drop":172,"minecraft:talked_to_villager":6,"minecraft:deaths":22,"minecraft:sneak_time":16042,"minecraft:walk_under_water_one_cm":5574,"minecraft:boat_one_cm":259003,"minecraft:jump":2332,"minecraft:interact_with_blast_furnace":28,"minecraft:walk_on_water_one_cm":41891,"minecraft:interact_with_furnace":8,"tombstone:raider_killed":1,"minecraft:play_one_minute":226740,"minecraft:sleep_in_bed":6,"minecraft:time_since_rest":19789,"minecraft:damage_taken":10011,"minecraft:damage_dealt":9800,"minecraft:swim_one_cm":1151,"minecraft:fly_one_cm":464855,"minecraft:open_chest":70,"minecraft:crouch_one_cm":41691,"tombstone:undead_killed":8,"minecraft:fall_one_cm":77248,"minecraft:interact_with_anvil":6},"minecraft:crafted":{"minecraft:smooth_stone":6,"minecraft:oak_planks":256,"minecraft:iron_nugget":18,"minecraft:furnace":1,"minecraft:blast_furnace":2,"minecraft:stone":5,"minecraft:lantern":2,"minecraft:iron_boots":1,"minecraft:iron_axe":1,"minecraft:stone_pickaxe":2,"minecraft:chest":1,"minecraft:stone_hoe":2,"minecraft:wheat":1344,"minecraft:diamond_sword":2,"sophisticatedbackpacks:backpack":2,"minecraft:crafting_table":4,"minecraft:enchanting_table":1,"minecraft:wooden_pickaxe":1,"minecraft:iron_helmet":1,"minecraft:stone_axe":2,"minecraft:air":0,"minecraft:bread":554,"minecraft:acacia_boat":1,"minecraft:iron_chestplate":1,"mining_helmet:mining_helmet":2,"minecraft:diamond_pickaxe":2,"minecraft:shield":1,"minecraft:stick":32,"minecraft:iron_ingot":158,"minecraft:iron_pickaxe":10,"minecraft:iron_block":4,"minecraft:iron_leggings":1,"minecraft:anvil":1,"minecraft:acacia_planks":128,"minecraft:torch":108},"minecraft:dropped":{"minecraft:enchanted_book":1,"minecraft:water_bucket":2,"minecraft:stone_hoe":1,"minecraft:gold_ore":19,"minecraft:bread":9,"minecraft:iron_sword":1,"minecraft:wheat_seeds":524,"minecraft:lapis_lazuli":64,"minecraft:sandstone_stairs":10,"minecraft:crossbow":1,"minecraft:sandstone_slab":2,"minecraft:cobblestone":752,"minecraft:book":79,"minecraft:lantern":1,"minecraft:leather":4,"minecraft:apple":1,"minecraft:granite":62,"minecraft:chainmail_helmet":1,"minecraft:rail":1,"paraglider:spirit_orb":2,"minecraft:item_frame":2,"minecraft:flint":2,"minecraft:dirt":39,"minecraft:diorite":63,"minecraft:mutton":2,"tombstone:grave_dust":1,"minecraft:iron_leggings":1,"minecraft:sand":18,"minecraft:paper":9,"minecraft:chainmail_leggings":1,"minecraft:string":7,"minecraft:white_wool":2,"minecraft:acacia_planks":39,"minecraft:redstone":40,"minecraft:dandelion":2,"minecraft:armor_stand":2,"minecraft:bone":4,"minecraft:gravel":48,"minecraft:stone_axe":3,"minecraft:iron_nugget":4,"minecraft:player_head":2,"minecraft:wheat":2,"minecraft:rotten_flesh":8,"artifacts:villager_hat":1,"minecraft:oak_planks":18,"minecraft:iron_hoe":1,"sophisticatedbackpacks:backpack":1,"mining_helmet:mining_helmet":3,"minecraft:azure_bluet":1,"minecraft:chainmail_chestplate":1,"minecraft:diamond_sword":3,"minecraft:shield":2,"minecraft:coal_ore":3,"minecraft:diamond_pickaxe":1,"minecraft:andesite":42,"minecraft:leather_boots":1,"minecraft:oak_sapling":8,"minecraft:acacia_sapling":4,"minecraft:chainmail_boots":1,"minecraft:golden_sword":1,"minecraft:leather_leggings":1,"minecraft:spider_eye":5,"minecraft:sandstone":2,"minecraft:arrow":2,"minecraft:stone_pickaxe":5,"minecraft:beef":33,"minecraft:acacia_fence":9},"minecraft:picked_up":{"minecraft:coarse_dirt":1,"minecraft:crafting_table":45,"minecraft:wheat":272,"minecraft:sandstone_slab":3,"minecraft:azure_bluet":1,"minecraft:chainmail_boots":1,"minecraft:anvil":2,"minecraft:leather_leggings":1,"minecraft:diamond_sword":3,"minecraft:enchanted_book":2,"minecraft:shield":2,"minecraft:golden_sword":1,"paraglider:goddess_statue":3,"minecraft:string":15,"minecraft:iron_leggings":2,"minecraft:item_frame":2,"minecraft:armor_stand":2,"minecraft:beef":33,"minecraft:player_head":2,"minecraft:iron_pickaxe":1,"minecraft:iron_nugget":2,"minecraft:chest":1,"minecraft:iron_boots":1,"minecraft:furnace":4,"minecraft:stick":90,"minecraft:sandstone":5,"minecraft:acacia_fence":10,"minecraft:brown_terracotta":2,"minecraft:torch":31,"minecraft:acacia_log":32,"tombstone:grave_dust":1,"minecraft:diorite":65,"minecraft:redstone":84,"minecraft:stone_pressure_plate":1,"minecraft:orange_bed":3,"minecraft:cactus":1,"minecraft:arrow":5,"minecraft:rotten_flesh":8,"minecraft:hay_block":153,"minecraft:sandstone_stairs":14,"minecraft:totem_of_undying":1,"minecraft:white_wool":3,"minecraft:mutton":2,"minecraft:obsidian":4,"minecraft:rail":1,"minecraft:cobblestone":1322,"minecraft:enchanting_table":1,"minecraft:leather_chestplate":1,"minecraft:water_bucket":1,"minecraft:andesite":43,"minecraft:leather":16,"minecraft:smoker":1,"paraglider:spirit_orb":2,"minecraft:flint":2,"minecraft:oak_log":64,"minecraft:chainmail_chestplate":1,"minecraft:lapis_lazuli":162,"minecraft:dirt":47,"minecraft:paper":9,"minecraft:lantern":1,"minecraft:leather_boots":1,"minecraft:bone":4,"minecraft:acacia_planks":8,"minecraft:apple":1,"minecraft:wheat_seeds":951,"minecraft:iron_ingot":17,"minecraft:stone_pickaxe":3,"minecraft:iron_ore":167,"minecraft:oak_planks":5,"minecraft:iron_sword":1,"minecraft:acacia_sapling":4,"minecraft:book":105,"minecraft:dandelion":2,"minecraft:gravel":66,"minecraft:sand":18,"minecraft:blast_furnace":6,"minecraft:cyan_bed":7,"minecraft:gold_ore":20,"minecraft:red_terracotta":1,"minecraft:spider_eye":5,"mining_helmet:mining_helmet":1,"minecraft:iron_hoe":1,"minecraft:coal_ore":3,"minecraft:diamond":43,"minecraft:stone_axe":1,"minecraft:chainmail_leggings":1,"minecraft:crossbow":1,"minecraft:granite":64,"minecraft:chainmail_helmet":1,"minecraft:emerald":1,"minecraft:terracotta":2,"minecraft:oak_sapling":15,"minecraft:melon_seeds":2,"minecraft:coal":212,"minecraft:ender_pearl":1},"minecraft:mined":{"minecraft:diamond_ore":25,"minecraft:stone_pressure_plate":1,"minecraft:obsidian":4,"minecraft:granite":69,"minecraft:grass_block":5,"minecraft:sandstone":8,"minecraft:spawner":2,"minecraft:hay_block":159,"minecraft:redstone_ore":18,"minecraft:furnace":4,"minecraft:iron_ore":157,"minecraft:andesite":34,"minecraft:anvil":2,"minecraft:enchanting_table":1,"minecraft:bookshelf":19,"minecraft:vine":1,"minecraft:stone":1510,"minecraft:orange_bed":2,"minecraft:sandstone_slab":5,"minecraft:acacia_leaves":1,"minecraft:melon_stem":2,"minecraft:smoker":1,"minecraft:dandelion":1,"minecraft:torch":14,"minecraft:crafting_table":40,"minecraft:blast_furnace":6,"minecraft:dead_bush":24,"minecraft:tall_grass":10,"minecraft:cobblestone":13,"minecraft:lapis_ore":17,"minecraft:cyan_bed":7,"minecraft:oak_planks":4,"minecraft:wall_torch":8,"minecraft:diorite":69,"minecraft:red_terracotta":1,"minecraft:coarse_dirt":1,"minecraft:wheat":279,"minecraft:grass":22,"minecraft:coal_ore":132,"minecraft:oak_log":4,"minecraft:acacia_fence":1,"minecraft:gravel":36,"minecraft:sand":30,"minecraft:dirt":52,"minecraft:brown_terracotta":2,"minecraft:cobweb":6,"minecraft:terracotta":2,"minecraft:acacia_planks":5,"minecraft:gold_ore":14,"minecraft:oak_leaves":4,"paraglider:goddess_statue":3}},"DataVersion":2586}