{"stats":{"minecraft:used":{"minecraft:shield":36,"minecraft:iron_sword":64,"minecraft:stone_hoe":390,"minecraft:orange_bed":2,"minecraft:torch":93,"paraglider:goddess_statue":4,"minecraft:dirt":8,"minecraft:anvil":2,"minecraft:brown_terracotta":2,"minecraft:iron_hoe":13,"minecraft:lava_bucket":4,"minecraft:iron_axe":100,"minecraft:furnace":3,"minecraft:acacia_planks":47,"minecraft:acacia_boat":1,"minecraft:water_bucket":34,"minecraft:diorite":1,"minecraft:sandstone_stairs":4,"minecraft:oak_planks":154,"minecraft:stone_pickaxe":37,"minecraft:cactus":1,"minecraft:wooden_pickaxe":36,"minecraft:white_wool":1,"minecraft:terracotta":2,"minecraft:crafting_table":43,"minecraft:blast_furnace":7,"minecraft:diamond_pickaxe":111,"minecraft:bread":104,"minecraft:cyan_bed":6,"minecraft:iron_pickaxe":2523,"minecraft:red_terracotta":1,"minecraft:stone_axe":76,"minecraft:diamond_sword":177,"minecraft:cobblestone":407,"minecraft:bucket":37,"minecraft:sandstone_slab":1,"minecraft:coarse_dirt":1,"minecraft:enchanting_table":1},"minecraft:killed":{"guardvillagers:guard":1,"minecraft:evoker":1,"minecraft:vex":1,"minecraft:cave_spider":7,"minecraft:spider":13,"minecraft:horse":2,"minecraft:skeleton":7,"artifacts:mimic":1,"minecraft:iron_golem":2,"minecraft:sheep":1,"minecraft:zombie":11,"minecraft:cow":14},"minecraft:killed_by":{"minecraft:evoker":4,"minecraft:wither_skeleton":1,"minecraft:creeper":1,"minecraft:iron_golem":2,"minecraft:cave_spider":6,"minecraft:rabbit":1,"minecraft:guardian":2,"minecraft:vex":6},"minecraft:broken":{"minecraft:leather_chestplate":1,"minecraft:stone_hoe":1,"minecraft:iron_pickaxe":10},"minecraft:custom":{"minecraft:mob_kills":65,"minecraft:interact_with_crafting_table":60,"minecraft:open_barrel":11,"minecraft:damage_dealt_resisted":3980,"minecraft:leave_game":2,"minecraft:time_since_death":16355,"minecraft:climb_one_cm":4261,"minecraft:sprint_one_cm":581115,"minecraft:walk_one_cm":491677,"minecraft:damage_blocked_by_shield":1245,"minecraft:drop":186,"minecraft:talked_to_villager":6,"minecraft:deaths":23,"minecraft:sneak_time":18354,"minecraft:walk_under_water_one_cm":6244,"minecraft:boat_one_cm":259003,"minecraft:jump":2613,"minecraft:interact_with_blast_furnace":28,"minecraft:walk_on_water_one_cm":44882,"minecraft:interact_with_furnace":8,"tombstone:raider_killed":1,"minecraft:play_one_minute":250740,"minecraft:sleep_in_bed":6,"minecraft:time_since_rest":16044,"minecraft:damage_taken":10987,"minecraft:damage_dealt":11827,"minecraft:swim_one_cm":1832,"minecraft:fly_one_cm":535804,"minecraft:open_chest":70,"minecraft:crouch_one_cm":48914,"tombstone:undead_killed":18,"minecraft:fall_one_cm":85130,"minecraft:interact_with_anvil":6},"minecraft:crafted":{"minecraft:smooth_stone":6,"minecraft:oak_planks":256,"minecraft:iron_nugget":18,"minecraft:furnace":1,"minecraft:blast_furnace":2,"minecraft:stone":5,"minecraft:lantern":2,"minecraft:iron_boots":1,"minecraft:iron_axe":1,"minecraft:stone_pickaxe":2,"minecraft:chest":1,"minecraft:stone_hoe":2,"minecraft:wheat":1344,"minecraft:diamond_sword":2,"sophisticatedbackpacks:backpack":2,"minecraft:crafting_table":4,"minecraft:enchanting_table":1,"minecraft:wooden_pickaxe":1,"minecraft:iron_helmet":1,"minecraft:stone_axe":2,"minecraft:air":0,"minecraft:bread":554,"minecraft:acacia_boat":1,"minecraft:iron_chestplate":1,"mining_helmet:mining_helmet":2,"minecraft:diamond_pickaxe":2,"minecraft:shield":1,"minecraft:stick":32,"minecraft:iron_ingot":158,"minecraft:iron_pickaxe":10,"minecraft:iron_block":4,"minecraft:iron_leggings":1,"minecraft:anvil":1,"minecraft:acacia_planks":128,"minecraft:torch":108},"minecraft:dropped":{"minecraft:enchanted_book":1,"minecraft:water_bucket":2,"minecraft:stone_hoe":1,"minecraft:gold_ore":20,"minecraft:bread":9,"minecraft:iron_sword":1,"minecraft:wheat_seeds":524,"minecraft:lapis_lazuli":64,"minecraft:diamond":14,"minecraft:sandstone_stairs":10,"minecraft:crossbow":1,"minecraft:sandstone_slab":2,"minecraft:cobblestone":754,"minecraft:book":79,"minecraft:lantern":1,"minecraft:leather":4,"minecraft:apple":1,"minecraft:granite":62,"minecraft:chainmail_helmet":1,"minecraft:rail":1,"paraglider:spirit_orb":4,"minecraft:item_frame":2,"minecraft:flint":2,"minecraft:dirt":43,"minecraft:diorite":63,"minecraft:mutton":2,"tombstone:grave_dust":1,"minecraft:iron_leggings":1,"minecraft:sand":18,"minecraft:orange_bed":1,"minecraft:paper":9,"minecraft:chainmail_leggings":1,"minecraft:string":13,"minecraft:white_wool":2,"minecraft:acacia_planks":42,"minecraft:redstone":40,"minecraft:dandelion":2,"minecraft:armor_stand":2,"minecraft:bone":6,"minecraft:gravel":50,"minecraft:stone_axe":3,"minecraft:iron_nugget":4,"minecraft:player_head":2,"minecraft:wheat":2,"minecraft:rotten_flesh":8,"artifacts:villager_hat":1,"minecraft:oak_planks":18,"minecraft:iron_hoe":1,"sophisticatedbackpacks:backpack":1,"mining_helmet:mining_helmet":3,"minecraft:azure_bluet":1,"minecraft:shears":1,"minecraft:chainmail_chestplate":1,"minecraft:diamond_sword":3,"minecraft:shield":2,"minecraft:coal_ore":3,"minecraft:diamond_pickaxe":1,"minecraft:andesite":42,"minecraft:leather_boots":1,"minecraft:oak_sapling":15,"minecraft:acacia_sapling":4,"minecraft:chainmail_boots":1,"minecraft:golden_sword":1,"minecraft:leather_leggings":1,"minecraft:spider_eye":5,"minecraft:sandstone":4,"minecraft:arrow":5,"minecraft:stone_pickaxe":5,"minecraft:beef":33,"minecraft:acacia_fence":9},"minecraft:picked_up":{"minecraft:coarse_dirt":1,"minecraft:crafting_table":45,"minecraft:wheat":272,"minecraft:sandstone_slab":3,"minecraft:azure_bluet":1,"minecraft:chainmail_boots":1,"minecraft:anvil":2,"minecraft:leather_leggings":1,"minecraft:diamond_sword":3,"minecraft:enchanted_book":2,"minecraft:shield":2,"minecraft:golden_sword":1,"paraglider:goddess_statue":5,"minecraft:string":32,"minecraft:iron_leggings":2,"minecraft:item_frame":2,"minecraft:armor_stand":2,"minecraft:beef":33,"minecraft:player_head":2,"minecraft:iron_pickaxe":1,"minecraft:iron_nugget":2,"minecraft:sugar_cane":3,"minecraft:chest":1,"minecraft:iron_boots":1,"minecraft:furnace":4,"minecraft:stick":90,"minecraft:sandstone":5,"minecraft:acacia_fence":10,"minecraft:brown_terracotta":2,"minecraft:torch":32,"minecraft:acacia_log":32,"tombstone:grave_dust":4,"minecraft:diorite":75,"minecraft:redstone":97,"minecraft:stone_pressure_plate":1,"minecraft:orange_bed":3,"minecraft:cactus":1,"minecraft:arrow":5,"minecraft:rotten_flesh":11,"minecraft:hay_block":153,"minecraft:sandstone_stairs":14,"minecraft:totem_of_undying":1,"minecraft:white_wool":3,"minecraft:mutton":2,"minecraft:obsidian":4,"minecraft:rail":1,"minecraft:cobblestone":1701,"minecraft:enchanting_table":1,"minecraft:leather_chestplate":1,"minecraft:water_bucket":1,"minecraft:andesite":94,"minecraft:leather":16,"minecraft:smoker":1,"paraglider:spirit_orb":9,"minecraft:flint":2,"minecraft:oak_log":64,"minecraft:chainmail_chestplate":1,"minecraft:lapis_lazuli":162,"minecraft:dirt":51,"minecraft:paper":9,"minecraft:lantern":1,"minecraft:leather_boots":1,"minecraft:bone":6,"minecraft:acacia_planks":8,"minecraft:apple":1,"minecraft:wheat_seeds":951,"minecraft:iron_ingot":17,"minecraft:stone_pickaxe":3,"minecraft:iron_ore":181,"minecraft:oak_planks":10,"minecraft:iron_sword":2,"minecraft:acacia_sapling":4,"minecraft:book":105,"minecraft:dandelion":2,"minecraft:gravel":68,"minecraft:sand":18,"minecraft:blast_furnace":6,"minecraft:cyan_bed":7,"minecraft:gold_ore":20,"minecraft:red_terracotta":1,"minecraft:spider_eye":5,"mining_helmet:mining_helmet":2,"minecraft:iron_hoe":1,"minecraft:coal_ore":3,"minecraft:diamond":77,"minecraft:stone_axe":1,"minecraft:chainmail_leggings":1,"minecraft:crossbow":1,"minecraft:granite":64,"minecraft:chainmail_helmet":1,"minecraft:emerald":1,"minecraft:terracotta":2,"minecraft:oak_sapling":15,"minecraft:melon_seeds":2,"minecraft:coal":221,"minecraft:ender_pearl":1},"minecraft:mined":{"minecraft:diamond_ore":38,"minecraft:stone_pressure_plate":1,"minecraft:obsidian":4,"minecraft:granite":74,"minecraft:grass_block":6,"minecraft:sandstone":8,"minecraft:spawner":4,"minecraft:hay_block":159,"minecraft:redstone_ore":21,"minecraft:furnace":4,"minecraft:iron_ore":173,"minecraft:andesite":85,"minecraft:anvil":2,"minecraft:enchanting_table":1,"minecraft:bookshelf":19,"minecraft:vine":1,"minecraft:stone":1895,"minecraft:orange_bed":2,"minecraft:sandstone_slab":5,"minecraft:acacia_leaves":1,"minecraft:melon_stem":2,"minecraft:smoker":1,"minecraft:dandelion":1,"minecraft:torch":14,"minecraft:crafting_table":40,"minecraft:blast_furnace":6,"minecraft:dead_bush":24,"minecraft:tall_grass":10,"minecraft:cobblestone":13,"minecraft:lapis_ore":17,"minecraft:cyan_bed":7,"minecraft:oak_planks":10,"minecraft:wall_torch":8,"minecraft:diorite":79,"minecraft:red_terracotta":1,"minecraft:coarse_dirt":1,"minecraft:ice":1,"minecraft:wheat":279,"minecraft:grass":22,"minecraft:coal_ore":141,"minecraft:oak_log":4,"minecraft:acacia_fence":1,"minecraft:gravel":36,"minecraft:sand":30,"minecraft:dirt":55,"minecraft:brown_terracotta":2,"minecraft:cobweb":18,"minecraft:terracotta":2,"minecraft:acacia_planks":5,"minecraft:gold_ore":14,"minecraft:oak_leaves":4,"paraglider:goddess_statue":5}},"DataVersion":2586}