{"stats":{"minecraft:used":{"minecraft:chest":1,"minecraft:shield":36,"minecraft:iron_sword":64,"paraglider:goddess_statue":4,"minecraft:lava_bucket":4,"carryon:tile_item":4,"minecraft:furnace":6,"minecraft:diorite":1,"minecraft:stone_pickaxe":37,"minecraft:oak_planks":163,"minecraft:cactus":1,"minecraft:wooden_pickaxe":36,"minecraft:white_wool":1,"minecraft:blast_furnace":22,"minecraft:cyan_bed":6,"minecraft:bread":124,"minecraft:red_terracotta":1,"minecraft:diamond_sword":192,"minecraft:coarse_dirt":1,"minecraft:enchanting_table":5,"minecraft:flint_and_steel":24,"minecraft:stone_hoe":390,"minecraft:orange_bed":2,"minecraft:torch":142,"minecraft:dirt":34,"minecraft:anvil":3,"minecraft:iron_hoe":154,"minecraft:wooden_axe":11,"minecraft:brown_terracotta":2,"minecraft:bookshelf":21,"minecraft:iron_axe":114,"minecraft:acacia_planks":47,"minecraft:acacia_boat":1,"minecraft:water_bucket":40,"minecraft:iron_ore":2,"minecraft:sandstone_stairs":4,"minecraft:terracotta":2,"minecraft:crafting_table":52,"minecraft:diamond_pickaxe":144,"minecraft:cornflower":1,"minecraft:iron_pickaxe":4171,"tombstone:magic_scroll":1,"minecraft:stone_axe":76,"minecraft:cobblestone":543,"minecraft:sandstone_slab":1,"minecraft:bucket":44},"minecraft:killed":{"guardvillagers:guard":1,"minecraft:cave_spider":7,"minecraft:spider":13,"minecraft:skeleton":9,"artifacts:mimic":1,"minecraft:iron_golem":2,"minecraft:sheep":1,"minecraft:zombie":14,"minecraft:cow":14,"minecraft:evoker":1,"minecraft:vex":1,"minecraft:horse":2,"minecraft:bat":1},"minecraft:killed_by":{"minecraft:evoker":4,"minecraft:wither_skeleton":1,"minecraft:creeper":2,"minecraft:cave_spider":6,"minecraft:vex":6,"minecraft:iron_golem":2,"minecraft:rabbit":1,"minecraft:guardian":2},"minecraft:broken":{"minecraft:wooden_axe":1,"minecraft:leather_chestplate":1,"minecraft:stone_hoe":1,"minecraft:iron_pickaxe":17},"minecraft:custom":{"minecraft:interact_with_crafting_table":101,"minecraft:open_barrel":11,"minecraft:leave_game":2,"minecraft:time_since_death":23022,"minecraft:sprint_one_cm":683231,"minecraft:damage_blocked_by_shield":1245,"minecraft:drop":272,"minecraft:talked_to_villager":6,"minecraft:deaths":25,"minecraft:jump":3091,"minecraft:walk_on_water_one_cm":64767,"minecraft:interact_with_furnace":37,"minecraft:play_one_minute":352740,"minecraft:sleep_in_bed":6,"minecraft:damage_dealt":13125,"minecraft:crouch_one_cm":61897,"tombstone:undead_killed":23,"minecraft:interact_with_anvil":12,"minecraft:mob_kills":72,"minecraft:damage_dealt_resisted":3980,"minecraft:climb_one_cm":4261,"minecraft:walk_one_cm":715848,"minecraft:sneak_time":22252,"minecraft:walk_under_water_one_cm":10696,"minecraft:boat_one_cm":259003,"minecraft:interact_with_blast_furnace":41,"tombstone:raider_killed":1,"minecraft:time_since_rest":22804,"minecraft:damage_taken":12811,"minecraft:swim_one_cm":4654,"minecraft:fly_one_cm":615180,"minecraft:open_chest":94,"minecraft:fall_one_cm":94699},"minecraft:crafted":{"minecraft:smooth_stone":39,"minecraft:oak_planks":504,"minecraft:stone":43,"minecraft:bookshelf":22,"minecraft:diamond_helmet":1,"minecraft:diamond_leggings":1,"minecraft:iron_boots":1,"minecraft:chest":2,"minecraft:stone_hoe":2,"minecraft:oak_slab":6,"sophisticatedbackpacks:backpack":2,"minecraft:crafting_table":5,"minecraft:wooden_pickaxe":1,"minecraft:iron_helmet":1,"minecraft:lectern":1,"mining_helmet:mining_helmet":2,"minecraft:iron_chestplate":1,"minecraft:diamond_pickaxe":2,"minecraft:shield":1,"sophisticatedbackpacks:diamond_backpack":2,"minecraft:stick":40,"minecraft:iron_ingot":164,"minecraft:iron_pickaxe":13,"minecraft:iron_block":4,"minecraft:gold_ingot":18,"minecraft:iron_nugget":18,"minecraft:furnace":13,"minecraft:blast_furnace":13,"minecraft:flint_and_steel":1,"minecraft:lantern":2,"minecraft:iron_axe":1,"minecraft:iron_hoe":1,"minecraft:stone_pickaxe":2,"minecraft:diamond_boots":1,"minecraft:wheat":1680,"sophisticatedbackpacks:iron_backpack":2,"minecraft:diamond_sword":2,"minecraft:enchanting_table":1,"sophisticatedbackpacks:gold_backpack":2,"minecraft:stone_axe":2,"minecraft:acacia_boat":1,"minecraft:bread":686,"minecraft:air":0,"minecraft:golden_apple":2,"minecraft:wooden_axe":1,"minecraft:iron_leggings":1,"minecraft:anvil":1,"minecraft:acacia_planks":128,"minecraft:torch":136,"minecraft:diamond_chestplate":1},"minecraft:dropped":{"minecraft:gold_ore":20,"minecraft:iron_sword":1,"minecraft:lapis_lazuli":164,"minecraft:diamond":14,"minecraft:sandstone_stairs":10,"minecraft:sandstone_slab":2,"minecraft:crossbow":1,"minecraft:lantern":1,"minecraft:leather":4,"minecraft:rail":1,"paraglider:spirit_orb":4,"minecraft:item_frame":2,"minecraft:flint":11,"minecraft:gold_block":2,"minecraft:dirt":76,"minecraft:cornflower":1,"minecraft:mutton":2,"minecraft:gold_nugget":4,"minecraft:gilded_blackstone":4,"minecraft:sand":18,"minecraft:white_wool":2,"minecraft:bone":6,"minecraft:armor_stand":2,"minecraft:gravel":90,"minecraft:stone_axe":3,"minecraft:iron_nugget":4,"minecraft:wheat":4,"artifacts:villager_hat":1,"minecraft:rotten_flesh":9,"minecraft:oak_planks":18,"mining_helmet:mining_helmet":3,"minecraft:azure_bluet":1,"sophisticatedbackpacks:diamond_backpack":1,"minecraft:chainmail_chestplate":2,"minecraft:coal_ore":3,"minecraft:leather_boots":1,"minecraft:acacia_sapling":4,"minecraft:chainmail_boots":1,"minecraft:leather_leggings":1,"minecraft:iron_ore":8,"minecraft:arrow":10,"minecraft:beef":33,"minecraft:acacia_fence":13,"minecraft:stone_hoe":1,"minecraft:water_bucket":2,"minecraft:enchanted_book":7,"minecraft:iron_ingot":52,"minecraft:bread":9,"minecraft:oak_slab":4,"minecraft:wheat_seeds":599,"minecraft:bookshelf":8,"minecraft:iron_helmet":2,"minecraft:cobblestone":1289,"minecraft:book":121,"minecraft:apple":1,"minecraft:granite":114,"minecraft:chainmail_helmet":1,"minecraft:diorite":111,"minecraft:lapis_ore":4,"minecraft:diamond_helmet":1,"tombstone:grave_dust":4,"minecraft:iron_leggings":3,"minecraft:orange_bed":1,"minecraft:chainmail_leggings":1,"minecraft:paper":9,"minecraft:string":27,"minecraft:acacia_planks":64,"minecraft:dandelion":2,"minecraft:redstone":56,"minecraft:furnace":1,"minecraft:player_head":2,"minecraft:iron_boots":2,"minecraft:iron_hoe":1,"sophisticatedbackpacks:backpack":1,"minecraft:shears":1,"minecraft:diamond_sword":3,"minecraft:stone":10,"minecraft:shield":2,"minecraft:diamond_pickaxe":1,"minecraft:iron_chestplate":1,"minecraft:andesite":139,"minecraft:oak_sapling":37,"minecraft:golden_sword":1,"minecraft:spider_eye":5,"minecraft:sandstone":4,"minecraft:stone_pickaxe":5},"minecraft:picked_up":{"minecraft:wheat":335,"minecraft:chainmail_boots":1,"minecraft:anvil":2,"minecraft:diamond_sword":3,"minecraft:enchanted_book":12,"minecraft:golden_sword":1,"paraglider:goddess_statue":5,"minecraft:string":32,"minecraft:iron_leggings":2,"minecraft:armor_stand":2,"minecraft:gold_nugget":4,"minecraft:iron_pickaxe":6,"minecraft:furnace":7,"minecraft:iron_boots":1,"minecraft:stick":108,"minecraft:acacia_fence":14,"minecraft:brown_terracotta":2,"minecraft:torch":46,"minecraft:acacia_log":32,"tombstone:grave_dust":4,"minecraft:diorite":113,"minecraft:orange_bed":3,"minecraft:cactus":1,"minecraft:rotten_flesh":11,"minecraft:bookshelf":8,"minecraft:obsidian":4,"minecraft:cobblestone":2342,"minecraft:enchanting_table":4,"minecraft:leather_chestplate":1,"minecraft:water_bucket":1,"minecraft:andesite":140,"minecraft:smoker":1,"paraglider:spirit_orb":9,"minecraft:flint":12,"minecraft:lapis_lazuli":281,"minecraft:dirt":110,"minecraft:lantern":1,"minecraft:name_tag":3,"minecraft:leather_boots":1,"minecraft:bone":6,"minecraft:acacia_planks":78,"minecraft:wheat_seeds":1024,"minecraft:diamond_helmet":1,"minecraft:oak_planks":10,"minecraft:sand":18,"minecraft:cyan_bed":7,"minecraft:red_terracotta":1,"mining_helmet:mining_helmet":2,"minecraft:iron_hoe":1,"minecraft:diamond":105,"minecraft:crossbow":1,"minecraft:granite":116,"minecraft:golden_apple":4,"minecraft:emerald":8,"minecraft:chainmail_helmet":1,"minecraft:oak_sapling":37,"minecraft:crafting_table":50,"minecraft:coarse_dirt":1,"minecraft:azure_bluet":1,"minecraft:sandstone_slab":3,"minecraft:leather_leggings":1,"minecraft:gold_block":4,"minecraft:shield":2,"minecraft:cornflower":2,"minecraft:flint_and_steel":1,"minecraft:item_frame":2,"minecraft:beef":33,"minecraft:player_head":2,"minecraft:iron_nugget":2,"minecraft:chest":1,"minecraft:sugar_cane":3,"minecraft:sandstone":5,"minecraft:stone":13,"sophisticatedbackpacks:backpack":1,"minecraft:redstone":138,"minecraft:stone_pressure_plate":1,"minecraft:arrow":9,"minecraft:hay_block":232,"minecraft:sandstone_stairs":14,"minecraft:totem_of_undying":1,"minecraft:gold_ingot":38,"minecraft:mutton":2,"minecraft:rail":1,"minecraft:white_wool":3,"minecraft:lapis_ore":4,"minecraft:leather":16,"minecraft:oak_log":126,"minecraft:chainmail_chestplate":1,"minecraft:paper":9,"minecraft:apple":4,"minecraft:iron_ingot":163,"minecraft:stone_pickaxe":3,"minecraft:iron_ore":317,"minecraft:acacia_sapling":4,"minecraft:iron_sword":2,"minecraft:book":182,"minecraft:oak_slab":2,"minecraft:dandelion":2,"minecraft:gravel":115,"minecraft:blast_furnace":9,"minecraft:gold_ore":96,"minecraft:spider_eye":5,"minecraft:coal_ore":19,"minecraft:stone_axe":1,"minecraft:chainmail_leggings":1,"minecraft:iron_helmet":1,"minecraft:terracotta":2,"tombstone:magic_scroll":2,"minecraft:melon_seeds":2,"minecraft:coal":325,"minecraft:ender_pearl":1},"minecraft:mined":{"minecraft:stone_pressure_plate":1,"minecraft:obsidian":4,"minecraft:granite":151,"minecraft:grass_block":7,"minecraft:spawner":4,"minecraft:iron_ore":191,"minecraft:fire":23,"minecraft:anvil":2,"minecraft:enchanting_table":2,"minecraft:orange_bed":2,"minecraft:sandstone_slab":5,"supplementaries:book_pile":2,"minecraft:melon_stem":2,"minecraft:smoker":1,"minecraft:torch":20,"minecraft:blast_furnace":9,"minecraft:dead_bush":24,"minecraft:cobblestone":18,"minecraft:cyan_bed":7,"minecraft:oak_planks":10,"minecraft:wall_torch":15,"minecraft:wheat":339,"minecraft:grass":30,"minecraft:oak_log":10,"minecraft:acacia_fence":4,"minecraft:sand":30,"minecraft:dirt":113,"minecraft:oak_leaves":16,"minecraft:diamond_ore":56,"minecraft:sandstone":8,"minecraft:hay_block":230,"minecraft:redstone_ore":27,"minecraft:furnace":7,"minecraft:andesite":172,"minecraft:bookshelf":22,"minecraft:vine":1,"minecraft:stripped_oak_log":1,"minecraft:stone":3183,"minecraft:acacia_leaves":1,"minecraft:dandelion":1,"minecraft:crafting_table":45,"minecraft:cornflower":1,"minecraft:tall_grass":13,"minecraft:lapis_ore":17,"minecraft:diorite":147,"minecraft:red_terracotta":1,"minecraft:coarse_dirt":1,"minecraft:ice":2,"minecraft:coal_ore":174,"minecraft:gravel":51,"minecraft:cobweb":18,"minecraft:brown_terracotta":2,"minecraft:terracotta":2,"minecraft:acacia_planks":5,"minecraft:gold_ore":15,"paraglider:goddess_statue":5}},"DataVersion":2586}