{"stats":{"minecraft:mined":{"minecraft:spruce_planks":1,"connectedglass:borderless_glass":4,"minecraft:stone_pressure_plate":1,"minecraft:white_bed":3,"minecraft:cobblestone_stairs":18,"minecraft:brewing_stand":6,"minecraft:obsidian":13,"minecraft:spruce_trapdoor":4,"minecraft:granite":151,"minecraft:grass_block":275,"minecraft:stone_brick_wall":2,"minecraft:yellow_carpet":2,"minecraft:cracked_polished_blackstone_bricks":1,"minecraft:hopper":2,"minecraft:oak_wall_sign":1,"minecraft:oxeye_daisy":1,"minecraft:spawner":4,"minecraft:smooth_stone":3,"minecraft:tall_seagrass":1,"minecraft:iron_ore":191,"minecraft:fire":30,"minecraft:anvil":5,"minecraft:enchanting_table":2,"minecraft:spruce_slab":1,"minecraft:orange_bed":2,"minecraft:sandstone_slab":5,"minecraft:brown_mushroom":2,"minecraft:red_bed":7,"supplementaries:book_pile":2,"minecraft:melon_stem":2,"minecraft:smoker":4,"minecraft:torch":22,"minecraft:blast_furnace":18,"minecraft:poppy":4,"minecraft:chest":4,"minecraft:dead_bush":24,"minecraft:mushroom_stem":6,"minecraft:glass":20,"minecraft:nether_quartz_ore":5,"minecraft:cobblestone":157,"minecraft:cyan_bed":25,"minecraft:sugar_cane":39,"minecraft:oak_planks":361,"minecraft:wall_torch":33,"minecraft:birch_log":7,"minecraft:wheat":339,"minecraft:smooth_stone_slab":12,"minecraft:grass":164,"minecraft:oak_log":25,"minecraft:acacia_fence":4,"minecraft:sand":108,"minecraft:dirt":278,"minecraft:netherrack":119,"minecraft:piston":2,"minecraft:oak_leaves":41,"minecraft:crying_obsidian":3,"minecraft:diamond_ore":56,"minecraft:red_carpet":3,"minecraft:dark_oak_leaves":10,"minecraft:oak_door":4,"minecraft:dark_oak_log":3,"minecraft:nether_bricks":5,"minecraft:ladder":2,"minecraft:brown_mushroom_block":74,"minecraft:kelp":1,"minecraft:sandstone":8,"minecraft:hay_block":241,"minecraft:redstone_ore":27,"minecraft:oak_trapdoor":4,"minecraft:furnace":13,"minecraft:andesite":321,"minecraft:peony":3,"minecraft:nether_brick_fence":2,"minecraft:bookshelf":58,"minecraft:cobblestone_slab":6,"minecraft:vine":1,"minecraft:stripped_oak_log":1,"minecraft:stone":3565,"minecraft:redstone_wall_torch":1,"minecraft:oak_slab":1,"minecraft:acacia_leaves":1,"minecraft:stone_brick_slab":1,"minecraft:observer":3,"minecraft:dandelion":1,"minecraft:oak_fence":41,"minecraft:crafting_table":78,"minecraft:cornflower":1,"minecraft:lectern":88,"minecraft:tall_grass":21,"minecraft:lapis_ore":17,"minecraft:diorite":187,"minecraft:warped_wart_block":1,"minecraft:red_terracotta":1,"minecraft:coarse_dirt":1,"minecraft:redstone_torch":1,"minecraft:ice":2,"minecraft:birch_leaves":5,"minecraft:spruce_log":1,"minecraft:yellow_bed":3,"minecraft:coal_ore":240,"minecraft:gravel":51,"minecraft:cobweb":18,"minecraft:brown_terracotta":2,"minecraft:terracotta":2,"minecraft:acacia_planks":5,"minecraft:stone_bricks":2,"minecraft:gold_ore":15,"paraglider:goddess_statue":5},"minecraft:crafted":{"minecraft:smooth_stone":42,"minecraft:oak_planks":756,"minecraft:oak_sign":3,"minecraft:cobblestone_slab":6,"minecraft:blaze_powder":18,"minecraft:stone":46,"minecraft:cobblestone_stairs":24,"minecraft:lever":1,"minecraft:bookshelf":36,"connectedglass:borderless_glass":44,"minecraft:hopper":1,"minecraft:glass":113,"minecraft:diamond_helmet":4,"minecraft:diamond_leggings":4,"minecraft:iron_boots":1,"minecraft:chest":5,"minecraft:stone_hoe":2,"minecraft:oak_fence":24,"minecraft:golden_boots":2,"minecraft:glass_bottle":9,"minecraft:oak_slab":24,"minecraft:emerald":94,"minecraft:crafting_table":6,"minecraft:spruce_planks":68,"minecraft:wooden_pickaxe":1,"minecraft:iron_helmet":11,"minecraft:spruce_door":3,"minecraft:spruce_trapdoor":16,"minecraft:lectern":3,"minecraft:iron_chestplate":25,"minecraft:paper":351,"minecraft:diamond_pickaxe":2,"minecraft:shield":7,"minecraft:compass":12,"minecraft:stick":56,"minecraft:iron_ingot":164,"minecraft:iron_pickaxe":16,"minecraft:iron_block":7,"minecraft:gold_ingot":66,"minecraft:redstone_torch":1,"minecraft:oak_door":3,"minecraft:iron_nugget":18,"minecraft:furnace":17,"minecraft:blast_furnace":14,"minecraft:piston":15,"minecraft:bone_meal":6,"minecraft:oak_trapdoor":4,"minecraft:flint_and_steel":1,"minecraft:lantern":22,"minecraft:iron_axe":5,"minecraft:ladder":21,"minecraft:iron_hoe":1,"minecraft:stone_pickaxe":2,"minecraft:diamond_boots":4,"minecraft:dark_oak_planks":60,"minecraft:observer":11,"minecraft:wheat":2073,"minecraft:sugar":3,"minecraft:red_dye":4,"minecraft:diamond_sword":3,"minecraft:enchanting_table":1,"minecraft:bell":12,"minecraft:red_bed":3,"minecraft:stone_axe":2,"minecraft:enchanted_book":10,"minecraft:acacia_boat":1,"minecraft:bread":818,"minecraft:air":0,"minecraft:oak_boat":6,"minecraft:chainmail_boots":12,"minecraft:golden_apple":12,"minecraft:fermented_spider_eye":3,"minecraft:wooden_axe":1,"minecraft:iron_shovel":2,"minecraft:iron_leggings":1,"minecraft:anvil":2,"minecraft:acacia_planks":128,"minecraft:torch":212,"minecraft:diamond_chestplate":4},"minecraft:killed_by":{"minecraft:evoker":4,"minecraft:wither_skeleton":1,"minecraft:creeper":6,"minecraft:drowned":5,"minecraft:cave_spider":6,"minecraft:blaze":1,"minecraft:vex":6,"minecraft:iron_golem":2,"minecraft:rabbit":1,"minecraft:guardian":3},"minecraft:used":{"minecraft:iron_shovel":458,"minecraft:oak_sign":2,"minecraft:ladder":16,"minecraft:chest":6,"minecraft:shield":138,"minecraft:iron_sword":64,"minecraft:nether_bricks":1,"minecraft:obsidian":17,"minecraft:glass":20,"minecraft:lava_bucket":10,"minecraft:grass_block":41,"minecraft:stone_bricks":2,"minecraft:furnace":15,"minecraft:diorite":1,"minecraft:spruce_door":2,"minecraft:stone_pickaxe":37,"minecraft:oak_planks":673,"minecraft:cactus":1,"minecraft:wooden_pickaxe":36,"minecraft:sugar_cane":38,"minecraft:golden_apple":2,"minecraft:white_wool":1,"minecraft:sand":5,"minecraft:blast_furnace":36,"minecraft:crossbow":1,"minecraft:redstone_torch":2,"minecraft:lever":1,"minecraft:bread":250,"minecraft:cyan_bed":25,"minecraft:lectern":94,"minecraft:red_terracotta":1,"minecraft:diamond_sword":544,"minecraft:andesite":43,"minecraft:oak_boat":42,"minecraft:coarse_dirt":1,"minecraft:oak_trapdoor":4,"minecraft:oak_fence":41,"minecraft:trident":2,"minecraft:enchanting_table":5,"minecraft:flint_and_steel":30,"minecraft:redstone":13,"minecraft:netherrack":60,"minecraft:stone_hoe":390,"minecraft:oak_door":4,"minecraft:orange_bed":2,"minecraft:torch":207,"minecraft:brewing_stand":6,"minecraft:dirt":423,"minecraft:anvil":7,"minecraft:hopper":3,"minecraft:iron_hoe":165,"minecraft:brown_terracotta":2,"minecraft:wooden_axe":11,"minecraft:bookshelf":21,"minecraft:iron_axe":827,"connectedglass:borderless_glass":44,"minecraft:acacia_planks":47,"minecraft:observer":14,"minecraft:acacia_boat":1,"minecraft:water_bucket":95,"minecraft:iron_ore":2,"minecraft:cobblestone_stairs":18,"minecraft:sandstone_stairs":4,"minecraft:glass_bottle":9,"minecraft:cobblestone_slab":6,"minecraft:terracotta":2,"minecraft:oak_slab":1,"minecraft:crafting_table":88,"minecraft:red_bed":10,"minecraft:smoker":3,"minecraft:oak_log":2,"minecraft:piston":17,"minecraft:cornflower":1,"minecraft:diamond_pickaxe":524,"minecraft:iron_pickaxe":4832,"tombstone:magic_scroll":2,"minecraft:spruce_trapdoor":17,"minecraft:stone_axe":76,"minecraft:fishing_rod":16,"minecraft:cobblestone":1100,"minecraft:bucket":104,"minecraft:sandstone_slab":1,"minecraft:yellow_bed":2,"minecraft:splash_potion":6},"minecraft:picked_up":{"minecraft:wheat":340,"minecraft:nether_brick_fence":2,"minecraft:chainmail_boots":3,"minecraft:anvil":5,"minecraft:lead":2,"minecraft:diamond_sword":3,"minecraft:potion":3,"minecraft:enchanted_book":16,"minecraft:brewing_stand":6,"minecraft:golden_sword":1,"minecraft:string":41,"minecraft:smooth_stone_slab":11,"minecraft:iron_leggings":2,"minecraft:armor_stand":2,"minecraft:oak_sign":1,"minecraft:gold_nugget":4,"minecraft:smooth_stone":2,"minecraft:bucket":1,"minecraft:spruce_planks":1,"minecraft:redstone_torch":2,"minecraft:cobblestone_slab":6,"minecraft:iron_pickaxe":6,"minecraft:furnace":13,"minecraft:iron_boots":1,"minecraft:stick":216,"minecraft:acacia_fence":14,"minecraft:brown_terracotta":2,"minecraft:oak_fence":40,"minecraft:torch":74,"minecraft:acacia_log":32,"tombstone:grave_dust":6,"minecraft:diorite":169,"minecraft:orange_bed":3,"minecraft:cactus":1,"minecraft:rotten_flesh":20,"minecraft:bookshelf":8,"minecraft:blaze_rod":9,"minecraft:obsidian":13,"minecraft:blaze_powder":16,"minecraft:cobblestone":2849,"minecraft:birch_log":21,"minecraft:enchanting_table":4,"minecraft:leather_chestplate":1,"minecraft:water_bucket":1,"minecraft:andesite":310,"minecraft:smoker":5,"minecraft:flint":12,"minecraft:lapis_lazuli":572,"minecraft:dirt":592,"minecraft:lantern":7,"minecraft:name_tag":3,"minecraft:leather_boots":3,"minecraft:bone":14,"minecraft:acacia_planks":78,"minecraft:bow":1,"minecraft:wheat_seeds":1060,"minecraft:diamond_helmet":1,"minecraft:oak_planks":398,"minecraft:sand":96,"minecraft:ink_sac":2,"minecraft:lily_of_the_valley":1,"minecraft:cyan_bed":27,"minecraft:dark_oak_log":109,"minecraft:red_terracotta":1,"minecraft:iron_hoe":2,"minecraft:yellow_carpet":2,"minecraft:diamond":105,"minecraft:cracked_polished_blackstone_bricks":2,"minecraft:crossbow":2,"minecraft:granite":116,"minecraft:golden_apple":10,"minecraft:bread":1088,"minecraft:chainmail_helmet":1,"minecraft:emerald":426,"minecraft:oak_sapling":85,"minecraft:netherrack":202,"minecraft:crafting_table":82,"minecraft:coarse_dirt":1,"minecraft:sandstone_slab":3,"minecraft:azure_bluet":1,"minecraft:ladder":4,"minecraft:turtle_helmet":1,"minecraft:leather_leggings":1,"minecraft:brown_mushroom":17,"minecraft:gold_block":4,"minecraft:shield":8,"minecraft:oak_trapdoor":4,"minecraft:cornflower":2,"minecraft:red_bed":7,"minecraft:flint_and_steel":1,"minecraft:item_frame":2,"minecraft:beef":33,"minecraft:oak_boat":40,"minecraft:spruce_slab":1,"minecraft:player_head":2,"minecraft:observer":3,"minecraft:iron_nugget":2,"minecraft:poppy":4,"minecraft:lectern":90,"minecraft:chest":5,"minecraft:sugar_cane":326,"minecraft:birch_sapling":4,"minecraft:piston":2,"minecraft:spruce_trapdoor":4,"minecraft:egg":2,"minecraft:dark_oak_sapling":6,"minecraft:sandstone":5,"minecraft:stone":23,"minecraft:oak_door":4,"sophisticatedbackpacks:backpack":1,"minecraft:trident":1,"minecraft:redstone":308,"minecraft:stone_pressure_plate":1,"minecraft:arrow":20,"minecraft:peony":6,"minecraft:nether_bricks":2,"minecraft:hay_block":244,"minecraft:sandstone_stairs":14,"minecraft:totem_of_undying":1,"minecraft:gold_ingot":38,"minecraft:mutton":2,"minecraft:rail":1,"minecraft:white_wool":3,"minecraft:oxeye_daisy":2,"minecraft:lapis_ore":4,"minecraft:leather":20,"minecraft:oak_log":285,"minecraft:chainmail_chestplate":1,"minecraft:ancient_debris":1,"minecraft:yellow_bed":3,"minecraft:gunpowder":6,"minecraft:cobblestone_stairs":18,"minecraft:paper":9,"minecraft:red_carpet":1,"minecraft:apple":15,"minecraft:stone_bricks":2,"minecraft:kelp":1,"minecraft:iron_ingot":428,"minecraft:stone_pickaxe":3,"minecraft:iron_ore":555,"minecraft:iron_sword":5,"minecraft:acacia_sapling":4,"sophisticatedbackpacks:diamond_backpack":2,"minecraft:book":364,"minecraft:oak_slab":3,"minecraft:quartz":22,"minecraft:dandelion":2,"minecraft:gravel":115,"minecraft:spruce_sapling":5,"minecraft:blast_furnace":18,"minecraft:white_bed":3,"minecraft:spruce_log":17,"minecraft:gold_ore":144,"minecraft:crying_obsidian":2,"minecraft:spider_eye":9,"minecraft:leather_helmet":3,"minecraft:coal_ore":19,"minecraft:stone_axe":2,"minecraft:chainmail_leggings":1,"minecraft:iron_helmet":1,"minecraft:terracotta":2,"tombstone:magic_scroll":3,"minecraft:melon_seeds":2,"minecraft:hopper":2,"minecraft:coal":448,"minecraft:ender_pearl":1},"minecraft:killed":{"minecraft:cave_spider":7,"minecraft:zombified_piglin":1,"minecraft:spider":23,"minecraft:skeleton":17,"minecraft:piglin_brute":2,"minecraft:iron_golem":3,"minecraft:creeper":10,"minecraft:sheep":1,"minecraft:trader_llama":2,"minecraft:zombie":17,"minecraft:blaze":21,"minecraft:cow":14,"minecraft:evoker":1,"minecraft:vex":1,"minecraft:horse":2,"minecraft:drowned":4,"minecraft:bat":1,"minecraft:wandering_trader":1,"minecraft:wither_skeleton":1,"minecraft:villager":11},"minecraft:dropped":{"minecraft:gold_ore":20,"minecraft:iron_sword":5,"minecraft:brown_mushroom":9,"minecraft:lapis_lazuli":455,"minecraft:diamond":14,"minecraft:dark_oak_sapling":6,"minecraft:sandstone_stairs":10,"minecraft:sandstone_slab":2,"minecraft:crossbow":2,"minecraft:lantern":27,"minecraft:leather":8,"minecraft:rail":1,"minecraft:red_carpet":1,"minecraft:leather_helmet":2,"minecraft:flint":11,"minecraft:cobblestone_stairs":24,"minecraft:item_frame":2,"minecraft:emerald":253,"minecraft:gold_block":2,"minecraft:cracked_polished_blackstone_bricks":2,"minecraft:dirt":207,"minecraft:dark_oak_log":94,"minecraft:cornflower":1,"minecraft:mutton":2,"minecraft:gold_nugget":4,"minecraft:gilded_blackstone":4,"minecraft:bone_meal":6,"minecraft:sand":18,"minecraft:iron_pickaxe":1,"minecraft:birch_log":21,"minecraft:dark_oak_planks":60,"minecraft:fishing_rod":1,"minecraft:white_wool":2,"minecraft:armor_stand":2,"minecraft:bone":12,"minecraft:oak_door":3,"minecraft:gravel":90,"minecraft:stone_axe":4,"minecraft:compass":12,"minecraft:sugar_cane":258,"minecraft:iron_nugget":4,"minecraft:birch_sapling":4,"minecraft:wheat":6,"minecraft:rotten_flesh":20,"minecraft:oak_planks":72,"minecraft:nether_brick_fence":2,"minecraft:azure_bluet":1,"sophisticatedbackpacks:diamond_backpack":2,"minecraft:chainmail_chestplate":2,"minecraft:turtle_helmet":1,"minecraft:gunpowder":1,"minecraft:trident":1,"minecraft:coal_ore":3,"minecraft:leather_boots":3,"minecraft:chest":1,"minecraft:acacia_sapling":4,"minecraft:ladder":9,"minecraft:chainmail_boots":15,"minecraft:leather_leggings":1,"minecraft:spruce_slab":1,"minecraft:iron_ore":310,"minecraft:arrow":21,"minecraft:beef":33,"minecraft:acacia_fence":13,"minecraft:lectern":1,"minecraft:netherrack":142,"minecraft:golden_boots":2,"minecraft:egg":2,"minecraft:enchanted_book":15,"minecraft:water_bucket":2,"minecraft:stone_hoe":1,"minecraft:iron_ingot":314,"minecraft:bread":1097,"minecraft:oak_slab":8,"minecraft:wheat_seeds":636,"minecraft:bookshelf":20,"minecraft:diamond_leggings":3,"minecraft:oak_fence":23,"minecraft:lead":2,"minecraft:iron_helmet":9,"minecraft:cobblestone":1293,"minecraft:book":249,"minecraft:apple":2,"minecraft:granite":114,"minecraft:spruce_door":1,"minecraft:chainmail_helmet":1,"minecraft:golden_apple":6,"minecraft:yellow_carpet":2,"minecraft:oxeye_daisy":2,"minecraft:diorite":152,"minecraft:brewing_stand":1,"minecraft:ink_sac":2,"minecraft:lapis_ore":4,"minecraft:diamond_helmet":1,"tombstone:grave_dust":6,"minecraft:iron_leggings":3,"minecraft:red_dye":1,"minecraft:smooth_stone":2,"minecraft:orange_bed":1,"minecraft:iron_shovel":1,"minecraft:chainmail_leggings":1,"minecraft:paper":88,"minecraft:string":36,"minecraft:acacia_planks":64,"minecraft:spruce_sapling":5,"minecraft:dandelion":2,"minecraft:redstone":215,"minecraft:furnace":1,"minecraft:kelp":1,"minecraft:oak_trapdoor":4,"minecraft:player_head":2,"minecraft:smooth_stone_slab":11,"minecraft:iron_boots":2,"minecraft:iron_hoe":3,"sophisticatedbackpacks:backpack":1,"minecraft:nether_bricks":2,"minecraft:oak_sign":2,"minecraft:shears":1,"minecraft:lily_of_the_valley":1,"minecraft:diamond_sword":3,"minecraft:cobblestone_slab":6,"minecraft:stone":20,"minecraft:shield":10,"minecraft:peony":6,"minecraft:spruce_trapdoor":3,"minecraft:diamond_pickaxe":1,"minecraft:iron_chestplate":25,"minecraft:andesite":219,"minecraft:yellow_bed":1,"minecraft:oak_boat":2,"minecraft:oak_sapling":85,"minecraft:golden_sword":1,"minecraft:redstone_torch":1,"minecraft:spider_eye":6,"minecraft:diamond_boots":3,"minecraft:sandstone":4,"minecraft:bow":1,"minecraft:stone_pickaxe":5,"minecraft:cyan_bed":1},"minecraft:custom":{"minecraft:interact_with_crafting_table":195,"minecraft:open_barrel":11,"minecraft:leave_game":12,"minecraft:time_since_death":213191,"minecraft:sprint_one_cm":1659245,"minecraft:damage_blocked_by_shield":6160,"minecraft:drop":543,"minecraft:talked_to_villager":336,"minecraft:deaths":40,"minecraft:jump":7547,"minecraft:interact_with_brewingstand":23,"minecraft:walk_on_water_one_cm":111356,"minecraft:interact_with_furnace":64,"minecraft:traded_with_villager":232,"minecraft:play_one_minute":886454,"minecraft:sleep_in_bed":23,"minecraft:damage_dealt":32651,"minecraft:crouch_one_cm":96682,"tombstone:undead_killed":40,"tombstone:villager_killed":12,"minecraft:interact_with_anvil":17,"minecraft:mob_kills":156,"minecraft:inspect_hopper":3,"minecraft:damage_dealt_resisted":5769,"minecraft:climb_one_cm":39396,"minecraft:walk_one_cm":1829973,"minecraft:damage_dealt_absorbed":80,"minecraft:sneak_time":33176,"minecraft:walk_under_water_one_cm":35713,"minecraft:boat_one_cm":1299334,"minecraft:interact_with_blast_furnace":50,"tombstone:raider_killed":1,"minecraft:time_since_rest":17906,"minecraft:damage_absorbed":80,"minecraft:damage_taken":22732,"minecraft:swim_one_cm":36102,"minecraft:fly_one_cm":1620239,"minecraft:open_chest":114,"minecraft:fall_one_cm":193052},"minecraft:broken":{"minecraft:iron_shovel":1,"minecraft:wooden_axe":1,"minecraft:leather_helmet":1,"minecraft:leather_chestplate":1,"minecraft:stone_hoe":1,"minecraft:shield":1,"minecraft:iron_axe":4,"minecraft:iron_pickaxe":19}},"DataVersion":2586}