{"stats":{"minecraft:used":{"minecraft:chest":1,"minecraft:shield":36,"minecraft:iron_sword":64,"paraglider:goddess_statue":4,"minecraft:lava_bucket":4,"carryon:tile_item":3,"minecraft:furnace":5,"minecraft:diorite":1,"minecraft:stone_pickaxe":37,"minecraft:oak_planks":154,"minecraft:cactus":1,"minecraft:wooden_pickaxe":36,"minecraft:white_wool":1,"minecraft:blast_furnace":8,"minecraft:cyan_bed":6,"minecraft:bread":106,"minecraft:red_terracotta":1,"minecraft:diamond_sword":177,"minecraft:coarse_dirt":1,"minecraft:enchanting_table":5,"minecraft:flint_and_steel":17,"minecraft:stone_hoe":390,"minecraft:orange_bed":2,"minecraft:torch":95,"minecraft:dirt":8,"minecraft:anvil":2,"minecraft:iron_hoe":13,"minecraft:brown_terracotta":2,"minecraft:bookshelf":21,"minecraft:iron_axe":104,"minecraft:acacia_planks":47,"minecraft:acacia_boat":1,"minecraft:water_bucket":34,"minecraft:iron_ore":2,"minecraft:sandstone_stairs":4,"minecraft:terracotta":2,"minecraft:crafting_table":47,"minecraft:diamond_pickaxe":131,"minecraft:iron_pickaxe":2889,"tombstone:magic_scroll":1,"minecraft:stone_axe":76,"minecraft:cobblestone":423,"minecraft:sandstone_slab":1,"minecraft:bucket":37},"minecraft:killed":{"guardvillagers:guard":1,"minecraft:cave_spider":7,"minecraft:spider":13,"minecraft:skeleton":7,"artifacts:mimic":1,"minecraft:iron_golem":2,"minecraft:sheep":1,"minecraft:zombie":11,"minecraft:cow":14,"minecraft:evoker":1,"minecraft:vex":1,"minecraft:horse":2},"minecraft:killed_by":{"minecraft:evoker":4,"minecraft:wither_skeleton":1,"minecraft:creeper":1,"minecraft:cave_spider":6,"minecraft:vex":6,"minecraft:iron_golem":2,"minecraft:rabbit":1,"minecraft:guardian":2},"minecraft:broken":{"minecraft:leather_chestplate":1,"minecraft:stone_hoe":1,"minecraft:iron_pickaxe":12},"minecraft:custom":{"minecraft:interact_with_crafting_table":80,"minecraft:open_barrel":11,"minecraft:leave_game":2,"minecraft:time_since_death":46355,"minecraft:sprint_one_cm":597440,"minecraft:damage_blocked_by_shield":1245,"minecraft:drop":227,"minecraft:talked_to_villager":6,"minecraft:deaths":23,"minecraft:jump":2678,"minecraft:walk_on_water_one_cm":44882,"minecraft:interact_with_furnace":13,"minecraft:play_one_minute":280740,"minecraft:sleep_in_bed":6,"minecraft:damage_dealt":11827,"minecraft:crouch_one_cm":49021,"tombstone:undead_killed":18,"minecraft:interact_with_anvil":6,"minecraft:mob_kills":65,"minecraft:damage_dealt_resisted":3980,"minecraft:climb_one_cm":4261,"minecraft:walk_one_cm":567540,"minecraft:sneak_time":18518,"minecraft:walk_under_water_one_cm":6244,"minecraft:boat_one_cm":259003,"minecraft:interact_with_blast_furnace":31,"tombstone:raider_killed":1,"minecraft:time_since_rest":46044,"minecraft:damage_taken":10987,"minecraft:swim_one_cm":1832,"minecraft:fly_one_cm":540523,"minecraft:open_chest":85,"minecraft:fall_one_cm":85130},"minecraft:crafted":{"minecraft:smooth_stone":6,"minecraft:oak_planks":256,"minecraft:stone":17,"minecraft:bookshelf":21,"minecraft:diamond_helmet":1,"minecraft:diamond_leggings":1,"minecraft:iron_boots":1,"minecraft:chest":2,"minecraft:stone_hoe":2,"sophisticatedbackpacks:backpack":2,"minecraft:crafting_table":4,"minecraft:wooden_pickaxe":1,"minecraft:iron_helmet":1,"mining_helmet:mining_helmet":2,"minecraft:iron_chestplate":1,"minecraft:diamond_pickaxe":2,"minecraft:shield":1,"sophisticatedbackpacks:diamond_backpack":2,"minecraft:stick":32,"minecraft:iron_ingot":158,"minecraft:iron_pickaxe":13,"minecraft:iron_block":4,"minecraft:gold_ingot":18,"minecraft:iron_nugget":18,"minecraft:furnace":3,"minecraft:blast_furnace":2,"minecraft:flint_and_steel":1,"minecraft:lantern":2,"minecraft:iron_axe":1,"minecraft:stone_pickaxe":2,"minecraft:diamond_boots":1,"minecraft:wheat":1344,"sophisticatedbackpacks:iron_backpack":2,"minecraft:diamond_sword":2,"minecraft:enchanting_table":1,"sophisticatedbackpacks:gold_backpack":2,"minecraft:stone_axe":2,"minecraft:acacia_boat":1,"minecraft:bread":554,"minecraft:air":0,"minecraft:iron_leggings":1,"minecraft:anvil":1,"minecraft:acacia_planks":128,"minecraft:torch":108,"minecraft:diamond_chestplate":1},"minecraft:dropped":{"minecraft:gold_ore":20,"minecraft:iron_sword":1,"minecraft:lapis_lazuli":64,"minecraft:diamond":14,"minecraft:sandstone_stairs":10,"minecraft:sandstone_slab":2,"minecraft:crossbow":1,"minecraft:lantern":1,"minecraft:leather":4,"minecraft:rail":1,"paraglider:spirit_orb":4,"minecraft:item_frame":2,"minecraft:flint":9,"minecraft:gold_block":2,"minecraft:dirt":56,"minecraft:mutton":2,"minecraft:gold_nugget":4,"minecraft:gilded_blackstone":4,"minecraft:sand":18,"minecraft:white_wool":2,"minecraft:bone":6,"minecraft:armor_stand":2,"minecraft:gravel":57,"minecraft:stone_axe":3,"minecraft:iron_nugget":4,"minecraft:wheat":2,"artifacts:villager_hat":1,"minecraft:rotten_flesh":9,"minecraft:oak_planks":18,"mining_helmet:mining_helmet":3,"minecraft:azure_bluet":1,"sophisticatedbackpacks:diamond_backpack":1,"minecraft:chainmail_chestplate":2,"minecraft:coal_ore":3,"minecraft:leather_boots":1,"minecraft:acacia_sapling":4,"minecraft:chainmail_boots":1,"minecraft:leather_leggings":1,"minecraft:iron_ore":8,"minecraft:arrow":6,"minecraft:beef":33,"minecraft:acacia_fence":9,"minecraft:stone_hoe":1,"minecraft:water_bucket":2,"minecraft:enchanted_book":6,"minecraft:bread":9,"minecraft:wheat_seeds":524,"minecraft:iron_helmet":2,"minecraft:cobblestone":1213,"minecraft:book":79,"minecraft:apple":1,"minecraft:granite":72,"minecraft:chainmail_helmet":1,"minecraft:diorite":84,"minecraft:lapis_ore":2,"minecraft:diamond_helmet":1,"tombstone:grave_dust":4,"minecraft:iron_leggings":3,"minecraft:orange_bed":1,"minecraft:chainmail_leggings":1,"minecraft:paper":9,"minecraft:string":27,"minecraft:acacia_planks":42,"minecraft:dandelion":2,"minecraft:redstone":40,"minecraft:player_head":2,"minecraft:iron_boots":2,"minecraft:iron_hoe":1,"sophisticatedbackpacks:backpack":1,"minecraft:shears":1,"minecraft:diamond_sword":3,"minecraft:stone":5,"minecraft:shield":2,"minecraft:diamond_pickaxe":1,"minecraft:iron_chestplate":1,"minecraft:andesite":95,"minecraft:oak_sapling":15,"minecraft:golden_sword":1,"minecraft:spider_eye":5,"minecraft:sandstone":4,"minecraft:stone_pickaxe":5},"minecraft:picked_up":{"minecraft:wheat":272,"minecraft:chainmail_boots":1,"minecraft:anvil":2,"minecraft:diamond_sword":3,"minecraft:enchanted_book":11,"minecraft:golden_sword":1,"paraglider:goddess_statue":5,"minecraft:string":32,"minecraft:iron_leggings":2,"minecraft:armor_stand":2,"minecraft:gold_nugget":4,"minecraft:iron_pickaxe":1,"minecraft:furnace":4,"minecraft:iron_boots":1,"minecraft:stick":90,"minecraft:acacia_fence":10,"minecraft:brown_terracotta":2,"minecraft:torch":32,"minecraft:acacia_log":32,"tombstone:grave_dust":4,"minecraft:diorite":86,"minecraft:orange_bed":3,"minecraft:cactus":1,"minecraft:rotten_flesh":11,"minecraft:obsidian":4,"minecraft:cobblestone":2024,"minecraft:enchanting_table":4,"minecraft:leather_chestplate":1,"minecraft:water_bucket":1,"minecraft:andesite":96,"minecraft:smoker":1,"paraglider:spirit_orb":9,"minecraft:flint":10,"minecraft:lapis_lazuli":217,"minecraft:dirt":64,"minecraft:lantern":1,"minecraft:name_tag":3,"minecraft:leather_boots":1,"minecraft:bone":6,"minecraft:acacia_planks":78,"minecraft:wheat_seeds":951,"minecraft:diamond_helmet":1,"minecraft:oak_planks":10,"minecraft:sand":18,"minecraft:cyan_bed":7,"minecraft:red_terracotta":1,"mining_helmet:mining_helmet":2,"minecraft:iron_hoe":1,"minecraft:diamond":77,"minecraft:crossbow":1,"minecraft:granite":74,"minecraft:golden_apple":4,"minecraft:emerald":8,"minecraft:chainmail_helmet":1,"minecraft:oak_sapling":15,"minecraft:crafting_table":48,"minecraft:coarse_dirt":1,"minecraft:azure_bluet":1,"minecraft:sandstone_slab":3,"minecraft:leather_leggings":1,"minecraft:gold_block":4,"minecraft:shield":2,"minecraft:item_frame":2,"minecraft:beef":33,"minecraft:player_head":2,"minecraft:iron_nugget":2,"minecraft:chest":1,"minecraft:sugar_cane":3,"minecraft:sandstone":5,"minecraft:stone":5,"sophisticatedbackpacks:backpack":1,"minecraft:redstone":118,"minecraft:stone_pressure_plate":1,"minecraft:arrow":5,"minecraft:hay_block":153,"minecraft:sandstone_stairs":14,"minecraft:totem_of_undying":1,"minecraft:gold_ingot":4,"minecraft:mutton":2,"minecraft:rail":1,"minecraft:white_wool":3,"minecraft:lapis_ore":2,"minecraft:leather":16,"minecraft:oak_log":64,"minecraft:chainmail_chestplate":1,"minecraft:paper":9,"minecraft:apple":2,"minecraft:iron_ingot":119,"minecraft:stone_pickaxe":3,"minecraft:iron_ore":233,"minecraft:acacia_sapling":4,"minecraft:iron_sword":2,"minecraft:book":140,"minecraft:dandelion":2,"minecraft:gravel":82,"minecraft:blast_furnace":6,"minecraft:gold_ore":54,"minecraft:spider_eye":5,"minecraft:coal_ore":19,"minecraft:stone_axe":1,"minecraft:chainmail_leggings":1,"minecraft:iron_helmet":1,"minecraft:terracotta":2,"tombstone:magic_scroll":2,"minecraft:melon_seeds":2,"minecraft:coal":268,"minecraft:ender_pearl":1},"minecraft:mined":{"minecraft:stone_pressure_plate":1,"minecraft:obsidian":4,"minecraft:granite":84,"minecraft:grass_block":6,"minecraft:spawner":4,"minecraft:iron_ore":189,"minecraft:fire":17,"minecraft:anvil":2,"minecraft:enchanting_table":2,"minecraft:orange_bed":2,"minecraft:sandstone_slab":5,"supplementaries:book_pile":2,"minecraft:melon_stem":2,"minecraft:smoker":1,"minecraft:torch":14,"minecraft:blast_furnace":6,"minecraft:dead_bush":24,"minecraft:cobblestone":14,"minecraft:cyan_bed":7,"minecraft:oak_planks":10,"minecraft:wall_torch":9,"minecraft:wheat":279,"minecraft:grass":22,"minecraft:oak_log":4,"minecraft:acacia_fence":1,"minecraft:sand":30,"minecraft:dirt":68,"minecraft:oak_leaves":4,"minecraft:diamond_ore":46,"minecraft:sandstone":8,"minecraft:hay_block":159,"minecraft:redstone_ore":26,"minecraft:furnace":4,"minecraft:andesite":87,"minecraft:bookshelf":20,"minecraft:vine":1,"minecraft:stone":2195,"minecraft:acacia_leaves":1,"minecraft:dandelion":1,"minecraft:crafting_table":43,"minecraft:tall_grass":10,"minecraft:lapis_ore":17,"minecraft:diorite":90,"minecraft:red_terracotta":1,"minecraft:coarse_dirt":1,"minecraft:ice":1,"minecraft:coal_ore":160,"minecraft:gravel":40,"minecraft:cobweb":18,"minecraft:brown_terracotta":2,"minecraft:terracotta":2,"minecraft:acacia_planks":5,"minecraft:gold_ore":14,"paraglider:goddess_statue":5}},"DataVersion":2586}