{"stats":{"minecraft:mined":{"minecraft:stone_pressure_plate":1,"minecraft:white_bed":3,"minecraft:cobblestone_stairs":18,"minecraft:brewing_stand":1,"minecraft:obsidian":13,"minecraft:granite":151,"minecraft:grass_block":93,"minecraft:stone_brick_wall":2,"minecraft:yellow_carpet":2,"minecraft:cracked_polished_blackstone_bricks":1,"minecraft:oxeye_daisy":1,"minecraft:spawner":4,"minecraft:smooth_stone":3,"minecraft:tall_seagrass":1,"minecraft:iron_ore":191,"minecraft:fire":28,"minecraft:anvil":2,"minecraft:enchanting_table":2,"minecraft:orange_bed":2,"minecraft:sandstone_slab":5,"minecraft:red_bed":7,"supplementaries:book_pile":2,"minecraft:melon_stem":2,"minecraft:smoker":1,"minecraft:torch":20,"minecraft:blast_furnace":9,"minecraft:poppy":4,"minecraft:chest":1,"minecraft:dead_bush":24,"minecraft:mushroom_stem":5,"minecraft:cobblestone":51,"minecraft:cyan_bed":18,"minecraft:sugar_cane":5,"minecraft:oak_planks":235,"minecraft:wall_torch":17,"minecraft:wheat":339,"minecraft:smooth_stone_slab":12,"minecraft:grass":61,"minecraft:oak_log":10,"minecraft:acacia_fence":4,"minecraft:sand":44,"minecraft:dirt":229,"minecraft:netherrack":118,"minecraft:oak_leaves":21,"minecraft:crying_obsidian":3,"minecraft:diamond_ore":56,"minecraft:dark_oak_leaves":10,"minecraft:oak_door":2,"minecraft:dark_oak_log":2,"minecraft:nether_bricks":5,"minecraft:ladder":2,"minecraft:brown_mushroom_block":45,"minecraft:kelp":1,"minecraft:sandstone":8,"minecraft:hay_block":241,"minecraft:redstone_ore":27,"minecraft:furnace":8,"minecraft:andesite":235,"minecraft:peony":3,"minecraft:nether_brick_fence":2,"minecraft:bookshelf":30,"minecraft:cobblestone_slab":6,"minecraft:vine":1,"minecraft:stripped_oak_log":1,"minecraft:stone":3419,"minecraft:acacia_leaves":1,"minecraft:stone_brick_slab":1,"minecraft:dandelion":1,"minecraft:oak_fence":41,"minecraft:crafting_table":72,"minecraft:cornflower":1,"minecraft:lectern":46,"minecraft:tall_grass":18,"minecraft:lapis_ore":17,"minecraft:diorite":167,"minecraft:warped_wart_block":1,"minecraft:red_terracotta":1,"minecraft:coarse_dirt":1,"minecraft:ice":2,"minecraft:yellow_bed":3,"minecraft:coal_ore":216,"minecraft:gravel":51,"minecraft:cobweb":18,"minecraft:brown_terracotta":2,"minecraft:terracotta":2,"minecraft:acacia_planks":5,"minecraft:stone_bricks":2,"minecraft:gold_ore":15,"paraglider:goddess_statue":5},"minecraft:crafted":{"minecraft:smooth_stone":42,"minecraft:oak_planks":608,"minecraft:cobblestone_slab":6,"minecraft:blaze_powder":18,"minecraft:stone":46,"minecraft:cobblestone_stairs":24,"minecraft:bookshelf":24,"minecraft:glass":3,"minecraft:diamond_helmet":1,"minecraft:diamond_leggings":1,"minecraft:iron_boots":1,"minecraft:chest":2,"minecraft:stone_hoe":2,"minecraft:oak_fence":24,"minecraft:golden_boots":2,"minecraft:glass_bottle":3,"minecraft:oak_slab":18,"minecraft:crafting_table":5,"minecraft:wooden_pickaxe":1,"minecraft:iron_helmet":1,"minecraft:lectern":3,"minecraft:iron_chestplate":1,"minecraft:diamond_pickaxe":2,"minecraft:shield":3,"minecraft:stick":56,"minecraft:iron_ingot":164,"minecraft:iron_pickaxe":15,"minecraft:iron_block":4,"minecraft:gold_ingot":18,"minecraft:oak_door":3,"minecraft:iron_nugget":18,"minecraft:furnace":15,"minecraft:blast_furnace":14,"minecraft:flint_and_steel":1,"minecraft:lantern":2,"minecraft:iron_axe":3,"minecraft:ladder":18,"minecraft:iron_hoe":1,"minecraft:stone_pickaxe":2,"minecraft:diamond_boots":1,"minecraft:wheat":2073,"minecraft:sugar":3,"minecraft:red_dye":4,"minecraft:diamond_sword":3,"minecraft:enchanting_table":1,"minecraft:red_bed":3,"minecraft:stone_axe":2,"minecraft:acacia_boat":1,"minecraft:bread":818,"minecraft:air":0,"minecraft:oak_boat":4,"minecraft:golden_apple":2,"minecraft:fermented_spider_eye":1,"minecraft:wooden_axe":1,"minecraft:iron_shovel":1,"minecraft:iron_leggings":1,"minecraft:anvil":1,"minecraft:acacia_planks":128,"minecraft:torch":136,"minecraft:diamond_chestplate":1},"minecraft:killed_by":{"minecraft:evoker":4,"minecraft:wither_skeleton":1,"minecraft:creeper":3,"minecraft:drowned":5,"minecraft:cave_spider":6,"minecraft:blaze":1,"minecraft:vex":6,"minecraft:iron_golem":2,"minecraft:rabbit":1,"minecraft:guardian":3},"minecraft:used":{"minecraft:iron_shovel":186,"minecraft:ladder":14,"minecraft:chest":1,"minecraft:shield":111,"minecraft:iron_sword":64,"minecraft:nether_bricks":1,"minecraft:obsidian":17,"minecraft:lava_bucket":9,"minecraft:stone_bricks":2,"minecraft:furnace":8,"minecraft:diorite":1,"minecraft:stone_pickaxe":37,"minecraft:oak_planks":542,"minecraft:cactus":1,"minecraft:wooden_pickaxe":36,"minecraft:sugar_cane":6,"minecraft:golden_apple":2,"minecraft:white_wool":1,"minecraft:sand":5,"minecraft:blast_furnace":23,"minecraft:crossbow":1,"minecraft:bread":198,"minecraft:cyan_bed":18,"minecraft:lectern":49,"minecraft:red_terracotta":1,"minecraft:diamond_sword":467,"minecraft:andesite":13,"minecraft:oak_boat":28,"minecraft:coarse_dirt":1,"minecraft:oak_fence":41,"minecraft:trident":2,"minecraft:enchanting_table":5,"minecraft:flint_and_steel":28,"minecraft:netherrack":60,"minecraft:stone_hoe":390,"minecraft:oak_door":4,"minecraft:orange_bed":2,"minecraft:torch":189,"minecraft:brewing_stand":1,"minecraft:dirt":201,"minecraft:anvil":3,"minecraft:iron_hoe":165,"minecraft:brown_terracotta":2,"minecraft:wooden_axe":11,"minecraft:bookshelf":21,"minecraft:iron_axe":547,"minecraft:acacia_planks":47,"minecraft:acacia_boat":1,"minecraft:water_bucket":51,"minecraft:iron_ore":2,"minecraft:cobblestone_stairs":18,"minecraft:sandstone_stairs":4,"minecraft:glass_bottle":3,"minecraft:cobblestone_slab":6,"minecraft:terracotta":2,"minecraft:crafting_table":81,"minecraft:red_bed":10,"minecraft:cornflower":1,"minecraft:diamond_pickaxe":178,"minecraft:iron_pickaxe":4732,"tombstone:magic_scroll":2,"minecraft:stone_axe":76,"minecraft:fishing_rod":16,"minecraft:cobblestone":850,"minecraft:bucket":60,"minecraft:sandstone_slab":1,"minecraft:yellow_bed":2},"minecraft:picked_up":{"minecraft:wheat":340,"minecraft:nether_brick_fence":2,"minecraft:chainmail_boots":1,"minecraft:anvil":2,"minecraft:lead":2,"minecraft:diamond_sword":3,"minecraft:enchanted_book":12,"minecraft:brewing_stand":1,"minecraft:golden_sword":1,"minecraft:string":36,"minecraft:smooth_stone_slab":11,"minecraft:iron_leggings":2,"minecraft:armor_stand":2,"minecraft:gold_nugget":4,"minecraft:smooth_stone":2,"minecraft:cobblestone_slab":6,"minecraft:iron_pickaxe":6,"minecraft:furnace":8,"minecraft:iron_boots":1,"minecraft:stick":182,"minecraft:acacia_fence":14,"minecraft:brown_terracotta":2,"minecraft:oak_fence":40,"minecraft:torch":53,"minecraft:acacia_log":32,"tombstone:grave_dust":6,"minecraft:diorite":150,"minecraft:orange_bed":3,"minecraft:cactus":1,"minecraft:rotten_flesh":20,"minecraft:bookshelf":8,"minecraft:blaze_rod":9,"minecraft:obsidian":13,"minecraft:cobblestone":2610,"minecraft:enchanting_table":4,"minecraft:leather_chestplate":1,"minecraft:water_bucket":1,"minecraft:andesite":224,"minecraft:smoker":1,"minecraft:flint":12,"minecraft:lapis_lazuli":572,"minecraft:dirt":351,"minecraft:lantern":1,"minecraft:name_tag":3,"minecraft:leather_boots":3,"minecraft:bone":12,"minecraft:acacia_planks":78,"minecraft:bow":1,"minecraft:wheat_seeds":1029,"minecraft:diamond_helmet":1,"minecraft:oak_planks":279,"minecraft:sand":32,"minecraft:ink_sac":2,"minecraft:cyan_bed":20,"minecraft:dark_oak_log":30,"minecraft:red_terracotta":1,"minecraft:iron_hoe":2,"minecraft:yellow_carpet":2,"minecraft:diamond":105,"minecraft:cracked_polished_blackstone_bricks":2,"minecraft:crossbow":2,"minecraft:granite":116,"minecraft:golden_apple":10,"minecraft:bread":1088,"minecraft:chainmail_helmet":1,"minecraft:emerald":8,"minecraft:oak_sapling":45,"minecraft:netherrack":201,"minecraft:crafting_table":76,"minecraft:coarse_dirt":1,"minecraft:sandstone_slab":3,"minecraft:azure_bluet":1,"minecraft:ladder":4,"minecraft:turtle_helmet":1,"minecraft:leather_leggings":1,"minecraft:brown_mushroom":10,"minecraft:gold_block":4,"minecraft:shield":8,"minecraft:cornflower":2,"minecraft:red_bed":7,"minecraft:flint_and_steel":1,"minecraft:item_frame":2,"minecraft:beef":33,"minecraft:oak_boat":27,"minecraft:player_head":2,"minecraft:iron_nugget":2,"minecraft:poppy":4,"minecraft:lectern":48,"minecraft:chest":2,"minecraft:sugar_cane":12,"minecraft:egg":1,"minecraft:sandstone":5,"minecraft:stone":23,"minecraft:oak_door":2,"minecraft:trident":1,"minecraft:redstone":297,"minecraft:stone_pressure_plate":1,"minecraft:arrow":20,"minecraft:peony":6,"minecraft:nether_bricks":2,"minecraft:hay_block":244,"minecraft:sandstone_stairs":14,"minecraft:totem_of_undying":1,"minecraft:gold_ingot":38,"minecraft:mutton":2,"minecraft:rail":1,"minecraft:white_wool":3,"minecraft:oxeye_daisy":2,"minecraft:lapis_ore":4,"minecraft:leather":20,"minecraft:oak_log":178,"minecraft:chainmail_chestplate":1,"minecraft:ancient_debris":1,"minecraft:yellow_bed":3,"minecraft:cobblestone_stairs":18,"minecraft:paper":9,"minecraft:apple":6,"minecraft:stone_bricks":2,"minecraft:kelp":1,"minecraft:iron_ingot":428,"minecraft:stone_pickaxe":3,"minecraft:iron_ore":555,"minecraft:iron_sword":5,"minecraft:acacia_sapling":4,"sophisticatedbackpacks:diamond_backpack":2,"minecraft:book":270,"minecraft:oak_slab":2,"minecraft:dandelion":2,"minecraft:gravel":115,"minecraft:blast_furnace":9,"minecraft:white_bed":3,"minecraft:gold_ore":96,"minecraft:crying_obsidian":2,"minecraft:spider_eye":8,"minecraft:leather_helmet":3,"minecraft:coal_ore":19,"minecraft:stone_axe":2,"minecraft:chainmail_leggings":1,"minecraft:iron_helmet":1,"minecraft:terracotta":2,"tombstone:magic_scroll":3,"minecraft:melon_seeds":2,"minecraft:coal":368,"minecraft:ender_pearl":1},"minecraft:killed":{"minecraft:cave_spider":7,"minecraft:zombified_piglin":1,"minecraft:spider":18,"minecraft:skeleton":15,"minecraft:piglin_brute":2,"minecraft:iron_golem":3,"minecraft:sheep":1,"minecraft:trader_llama":2,"minecraft:zombie":16,"minecraft:blaze":21,"minecraft:cow":14,"minecraft:evoker":1,"minecraft:vex":1,"minecraft:horse":2,"minecraft:drowned":4,"minecraft:bat":1,"minecraft:wandering_trader":1,"minecraft:wither_skeleton":1,"minecraft:villager":11},"minecraft:dropped":{"minecraft:gold_ore":20,"minecraft:iron_sword":5,"minecraft:brown_mushroom":9,"minecraft:lapis_lazuli":455,"minecraft:diamond":14,"minecraft:sandstone_stairs":10,"minecraft:sandstone_slab":2,"minecraft:crossbow":2,"minecraft:lantern":1,"minecraft:leather":8,"minecraft:rail":1,"minecraft:leather_helmet":2,"minecraft:flint":11,"minecraft:cobblestone_stairs":24,"minecraft:item_frame":2,"minecraft:emerald":10,"minecraft:gold_block":2,"minecraft:cracked_polished_blackstone_bricks":2,"minecraft:dirt":181,"minecraft:dark_oak_log":30,"minecraft:cornflower":1,"minecraft:mutton":2,"minecraft:gold_nugget":4,"minecraft:gilded_blackstone":4,"minecraft:sand":18,"minecraft:fishing_rod":1,"minecraft:white_wool":2,"minecraft:armor_stand":2,"minecraft:bone":12,"minecraft:gravel":90,"minecraft:stone_axe":4,"minecraft:iron_nugget":4,"minecraft:wheat":6,"minecraft:rotten_flesh":20,"minecraft:oak_planks":72,"minecraft:nether_brick_fence":2,"minecraft:azure_bluet":1,"sophisticatedbackpacks:diamond_backpack":2,"minecraft:chainmail_chestplate":2,"minecraft:turtle_helmet":1,"minecraft:trident":1,"minecraft:coal_ore":3,"minecraft:leather_boots":3,"minecraft:chest":1,"minecraft:acacia_sapling":4,"minecraft:ladder":8,"minecraft:chainmail_boots":1,"minecraft:leather_leggings":1,"minecraft:iron_ore":310,"minecraft:arrow":13,"minecraft:beef":33,"minecraft:acacia_fence":13,"minecraft:netherrack":141,"minecraft:golden_boots":2,"minecraft:egg":1,"minecraft:enchanted_book":7,"minecraft:water_bucket":2,"minecraft:stone_hoe":1,"minecraft:iron_ingot":314,"minecraft:bread":1097,"minecraft:oak_slab":8,"minecraft:wheat_seeds":604,"minecraft:bookshelf":8,"minecraft:oak_fence":23,"minecraft:lead":2,"minecraft:iron_helmet":2,"minecraft:cobblestone":1292,"minecraft:book":185,"minecraft:apple":2,"minecraft:granite":114,"minecraft:chainmail_helmet":1,"minecraft:golden_apple":6,"minecraft:yellow_carpet":2,"minecraft:oxeye_daisy":2,"minecraft:diorite":140,"minecraft:ink_sac":2,"minecraft:lapis_ore":4,"minecraft:diamond_helmet":1,"tombstone:grave_dust":6,"minecraft:iron_leggings":3,"minecraft:red_dye":1,"minecraft:smooth_stone":2,"minecraft:orange_bed":1,"minecraft:chainmail_leggings":1,"minecraft:paper":9,"minecraft:string":27,"minecraft:acacia_planks":64,"minecraft:dandelion":2,"minecraft:redstone":215,"minecraft:furnace":1,"minecraft:kelp":1,"minecraft:player_head":2,"minecraft:smooth_stone_slab":11,"minecraft:iron_boots":2,"minecraft:iron_hoe":2,"minecraft:nether_bricks":2,"minecraft:shears":1,"minecraft:diamond_sword":3,"minecraft:cobblestone_slab":6,"minecraft:stone":20,"minecraft:shield":9,"minecraft:peony":6,"minecraft:diamond_pickaxe":1,"minecraft:iron_chestplate":1,"minecraft:andesite":210,"minecraft:yellow_bed":1,"minecraft:oak_boat":2,"minecraft:oak_sapling":45,"minecraft:golden_sword":1,"minecraft:spider_eye":6,"minecraft:sandstone":4,"minecraft:bow":1,"minecraft:stone_pickaxe":5,"minecraft:cyan_bed":1},"minecraft:broken":{"minecraft:wooden_axe":1,"minecraft:leather_helmet":1,"minecraft:leather_chestplate":1,"minecraft:stone_hoe":1,"minecraft:shield":1,"minecraft:iron_axe":2,"minecraft:iron_pickaxe":19},"minecraft:custom":{"minecraft:interact_with_crafting_table":144,"minecraft:open_barrel":11,"minecraft:leave_game":12,"minecraft:time_since_death":37379,"minecraft:sprint_one_cm":1215901,"minecraft:damage_blocked_by_shield":5230,"minecraft:drop":410,"minecraft:talked_to_villager":180,"minecraft:deaths":37,"minecraft:jump":5904,"minecraft:interact_with_brewingstand":5,"minecraft:walk_on_water_one_cm":91504,"minecraft:interact_with_furnace":47,"minecraft:play_one_minute":664454,"minecraft:sleep_in_bed":16,"minecraft:damage_dealt":28723,"minecraft:crouch_one_cm":91191,"tombstone:undead_killed":37,"tombstone:villager_killed":12,"minecraft:interact_with_anvil":12,"minecraft:mob_kills":136,"minecraft:damage_dealt_resisted":5518,"minecraft:climb_one_cm":17541,"minecraft:walk_one_cm":1277677,"minecraft:sneak_time":30500,"minecraft:walk_under_water_one_cm":31962,"minecraft:boat_one_cm":1228999,"minecraft:interact_with_blast_furnace":43,"tombstone:raider_killed":1,"minecraft:time_since_rest":37135,"minecraft:damage_absorbed":80,"minecraft:damage_taken":19695,"minecraft:swim_one_cm":13166,"minecraft:fly_one_cm":1239996,"minecraft:open_chest":102,"minecraft:fall_one_cm":150150}},"DataVersion":2586}