{"stats":{"minecraft:killed":{"minecraft:spider":1,"minecraft:skeleton":2,"minecraft:zombie":5},"minecraft:picked_up":{"minecraft:crafting_table":5,"minecraft:glow_ink_sac":3,"minecraft:andesite":4,"minecraft:oak_log":7,"minecraft:string":2,"minecraft:raw_copper":3,"minecraft:apple":2,"minecraft:wheat_seeds":2,"minecraft:cobbled_deepslate":15,"minecraft:oak_planks":3,"minecraft:furnace":2,"minecraft:raw_iron":15,"minecraft:gravel":1,"minecraft:porkchop":8,"minecraft:amethyst_shard":4,"minecraft:diorite":1,"minecraft:white_bed":4,"minecraft:rotten_flesh":4,"minecraft:granite":3,"minecraft:coal":49,"minecraft:cobblestone":16},"minecraft:mined":{"minecraft:white_bed":3,"minecraft:amethyst_cluster":1,"minecraft:crafting_table":5,"minecraft:granite":3,"minecraft:deepslate_coal_ore":3,"minecraft:oak_planks":5,"minecraft:diorite":1,"minecraft:furnace":2,"minecraft:iron_ore":11,"minecraft:andesite":4,"minecraft:grass":8,"minecraft:coal_ore":42,"minecraft:oak_log":7,"minecraft:deepslate_iron_ore":4,"minecraft:gravel":1,"minecraft:stone":14,"minecraft:oak_leaves":1,"minecraft:deepslate":15},"minecraft:crafted":{"minecraft:oak_planks":28,"minecraft:cooked_porkchop":5,"minecraft:crafting_table":1,"minecraft:wooden_pickaxe":1,"minecraft:furnace":1,"minecraft:stone_axe":1,"minecraft:shield":1,"minecraft:iron_axe":1,"minecraft:stick":16,"minecraft:iron_ingot":14,"minecraft:iron_pickaxe":1,"minecraft:stone_pickaxe":1,"minecraft:wooden_axe":1,"minecraft:torch":16},"minecraft:killed_by":{"minecraft:skeleton":2},"minecraft:used":{"minecraft:diorite":1,"minecraft:stone_pickaxe":55,"minecraft:shield":1,"minecraft:wooden_pickaxe":6,"minecraft:torch":2,"minecraft:crafting_table":6,"minecraft:white_bed":4,"minecraft:granite":3,"minecraft:wooden_axe":1,"minecraft:apple":2,"minecraft:iron_axe":14,"minecraft:iron_pickaxe":41,"minecraft:gravel":1,"minecraft:stone_axe":33,"minecraft:cobblestone":9,"minecraft:furnace":2,"minecraft:cooked_porkchop":5,"minecraft:andesite":2,"minecraft:cobbled_deepslate":5},"minecraft:custom":{"minecraft:interact_with_furnace":12,"minecraft:mob_kills":8,"minecraft:interact_with_crafting_table":7,"minecraft:leave_game":2,"minecraft:time_since_death":14224,"minecraft:sleep_in_bed":1,"minecraft:time_since_rest":14252,"minecraft:sprint_one_cm":108576,"minecraft:walk_one_cm":92210,"minecraft:damage_taken":886,"minecraft:damage_absorbed":49,"minecraft:damage_blocked_by_shield":75,"minecraft:drop":4,"minecraft:damage_dealt":1566,"minecraft:swim_one_cm":8527,"minecraft:fly_one_cm":167085,"minecraft:crouch_one_cm":986,"minecraft:play_time":37356,"minecraft:deaths":2,"minecraft:sneak_time":530,"minecraft:walk_under_water_one_cm":1117,"minecraft:jump":879,"minecraft:interact_with_blast_furnace":3,"minecraft:walk_on_water_one_cm":7753,"minecraft:interact_with_smoker":9,"minecraft:total_world_time":37356,"minecraft:fall_one_cm":21941},"minecraft:dropped":{"minecraft:wheat_seeds":2,"minecraft:wooden_axe":1,"minecraft:wooden_pickaxe":1}},"DataVersion":3465}